case_id,district,year,crime_head
SYN-C-00000,Bengaluru Urban,2023,CHEATING
SYN-C-00001,Mysuru,2021,THEFT
SYN-C-00002,Bengaluru Urban,2023,THEFT
SYN-C-00003,Bengaluru Urban,2020,BURGLARY - NIGHT
SYN-C-00004,Bengaluru Urban,2020,THEFT
SYN-C-00005,Mysuru,2020,THEFT
SYN-C-00006,Belagavi,2019,CHEATING
SYN-C-00007,Kalaburagi,2022,ROBBERY
SYN-C-00008,Kalaburagi,2020,BURGLARY - NIGHT
SYN-C-00009,Bengaluru Urban,2022,CHEATING
SYN-C-00010,Bengaluru Urban,2020,THEFT
SYN-C-00011,Bengaluru Urban,2020,THEFT
SYN-C-00012,Bengaluru Urban,2020,DACOITY
SYN-C-00013,Bengaluru Urban,2021,THEFT
SYN-C-00014,Bengaluru Urban,2022,ROBBERY
SYN-C-00015,Bengaluru Urban,2022,THEFT
SYN-C-00016,Tumakuru,2023,THEFT
SYN-C-00017,Kalaburagi,2019,THEFT
SYN-C-00018,Bengaluru Urban,2023,CHEATING
SYN-C-00019,Tumakuru,2023,MURDER
SYN-C-00020,Bengaluru Urban,2019,THEFT
SYN-C-00021,Bengaluru Urban,2019,THEFT
SYN-C-00022,Bengaluru Urban,2023,CHEATING
SYN-C-00023,Belagavi,2022,CHEATING
SYN-C-00024,Belagavi,2021,THEFT
SYN-C-00025,Bengaluru Urban,2022,THEFT
SYN-C-00026,Bengaluru Urban,2022,CHEATING
SYN-C-00027,Mysuru,2022,THEFT
SYN-C-00028,Bengaluru Urban,2023,CHEATING
SYN-C-00029,Bengaluru Urban,2022,THEFT
SYN-C-00030,Bengaluru Urban,2022,MURDER
SYN-C-00031,Bengaluru Urban,2020,CHEATING
SYN-C-00032,Belagavi,2019,THEFT
SYN-C-00033,Bengaluru Urban,2019,THEFT
SYN-C-00034,Bengaluru Urban,2023,THEFT
SYN-C-00035,Bengaluru Urban,2019,THEFT
SYN-C-00036,Bengaluru Urban,2021,DACOITY
SYN-C-00037,Belagavi,2019,CHEATING
SYN-C-00038,Kalaburagi,2023,BURGLARY - NIGHT
SYN-C-00039,Bengaluru Urban,2019,THEFT
SYN-C-00040,Bengaluru Urban,2020,THEFT
SYN-C-00041,Mysuru,2021,BURGLARY - NIGHT
SYN-C-00042,Bengaluru Urban,2022,THEFT
SYN-C-00043,Mysuru,2019,BURGLARY - NIGHT
SYN-C-00044,Bengaluru Urban,2023,CHEATING
SYN-C-00045,Bengaluru Urban,2023,THEFT
SYN-C-00046,Bengaluru Urban,2019,CHEATING
SYN-C-00047,Bengaluru Urban,2022,THEFT
SYN-C-00048,Bengaluru Urban,2022,THEFT
SYN-C-00049,Mysuru,2020,THEFT
SYN-C-00050,Bengaluru Urban,2021,CHEATING
SYN-C-00051,Bengaluru Urban,2023,BURGLARY - NIGHT
SYN-C-00052,Belagavi,2023,BURGLARY - NIGHT
SYN-C-00053,Bengaluru Urban,2021,THEFT
SYN-C-00054,Bengaluru Urban,2020,THEFT
SYN-C-00055,Bengaluru Urban,2019,THEFT
SYN-C-00056,Kalaburagi,2021,THEFT
SYN-C-00057,Bengaluru Urban,2021,THEFT
SYN-C-00058,Tumakuru,2022,THEFT
SYN-C-00059,Bengaluru Urban,2022,THEFT
SYN-C-00060,Bengaluru Urban,2023,BURGLARY - NIGHT
SYN-C-00061,Bengaluru Urban,2023,CHEATING
SYN-C-00062,Bengaluru Urban,2023,THEFT
SYN-C-00063,Bengaluru Urban,2019,THEFT
SYN-C-00064,Bengaluru Urban,2021,THEFT
SYN-C-00065,Bengaluru Urban,2020,CHEATING
SYN-C-00066,Bengaluru Urban,2021,THEFT
SYN-C-00067,Bengaluru Urban,2019,CHEATING
SYN-C-00068,Tumakuru,2021,THEFT
SYN-C-00069,Bengaluru Urban,2019,THEFT
SYN-C-00070,Bengaluru Urban,2023,THEFT
SYN-C-00071,Bengaluru Urban,2020,THEFT
SYN-C-00072,Mysuru,2020,THEFT
SYN-C-00073,Bengaluru Urban,2023,THEFT
SYN-C-00074,Bengaluru Urban,2019,THEFT
SYN-C-00075,Mysuru,2019,BURGLARY - NIGHT
SYN-C-00076,Tumakuru,2019,THEFT
SYN-C-00077,Mysuru,2022,CHEATING
SYN-C-00078,Bengaluru Urban,2022,THEFT
SYN-C-00079,Bengaluru Urban,2019,THEFT
SYN-C-00080,Bengaluru Urban,2019,THEFT
SYN-C-00081,Mysuru,2023,THEFT
SYN-C-00082,Bengaluru Urban,2022,THEFT
SYN-C-00083,Bengaluru Urban,2019,THEFT
SYN-C-00084,Mysuru,2021,CHEATING
SYN-C-00085,Bengaluru Urban,2023,CHEATING
SYN-C-00086,Bengaluru Urban,2022,THEFT
SYN-C-00087,Bengaluru Urban,2021,ROBBERY
SYN-C-00088,Bengaluru Urban,2021,THEFT
SYN-C-00089,Bengaluru Urban,2020,CHEATING
SYN-C-00090,Belagavi,2021,THEFT
SYN-C-00091,Mysuru,2020,THEFT
SYN-C-00092,Bengaluru Urban,2022,CHEATING
SYN-C-00093,Bengaluru Urban,2022,THEFT
SYN-C-00094,Bengaluru Urban,2020,THEFT
SYN-C-00095,Bengaluru Urban,2023,THEFT
SYN-C-00096,Belagavi,2021,BURGLARY - NIGHT
SYN-C-00097,Bengaluru Urban,2021,ROBBERY
SYN-C-00098,Belagavi,2021,MURDER
SYN-C-00099,Bengaluru Urban,2019,ROBBERY
SYN-C-00100,Tumakuru,2021,THEFT
SYN-C-00101,Bengaluru Urban,2023,ROBBERY
SYN-C-00102,Bengaluru Urban,2021,THEFT
SYN-C-00103,Bengaluru Urban,2022,THEFT
SYN-C-00104,Mysuru,2020,THEFT
SYN-C-00105,Bengaluru Urban,2021,CHEATING
SYN-C-00106,Bengaluru Urban,2022,THEFT
SYN-C-00107,Bengaluru Urban,2023,THEFT
SYN-C-00108,Bengaluru Urban,2021,CHEATING
SYN-C-00109,Bengaluru Urban,2022,THEFT
SYN-C-00110,Bengaluru Urban,2023,THEFT
SYN-C-00111,Mysuru,2022,THEFT
SYN-C-00112,Bengaluru Urban,2019,THEFT
SYN-C-00113,Mysuru,2023,THEFT
SYN-C-00114,Belagavi,2019,CHEATING
SYN-C-00115,Bengaluru Urban,2023,THEFT
SYN-C-00116,Kalaburagi,2021,THEFT
SYN-C-00117,Bengaluru Urban,2019,THEFT
SYN-C-00118,Bengaluru Urban,2021,THEFT
SYN-C-00119,Kalaburagi,2021,THEFT
SYN-C-00120,Belagavi,2020,BURGLARY - NIGHT
SYN-C-00121,Bengaluru Urban,2023,CHEATING
SYN-C-00122,Kalaburagi,2019,THEFT
SYN-C-00123,Bengaluru Urban,2022,THEFT
SYN-C-00124,Bengaluru Urban,2023,THEFT
SYN-C-00125,Bengaluru Urban,2020,BURGLARY - NIGHT
SYN-C-00126,Bengaluru Urban,2019,THEFT
SYN-C-00127,Bengaluru Urban,2021,CHEATING
SYN-C-00128,Bengaluru Urban,2019,THEFT
SYN-C-00129,Bengaluru Urban,2021,CHEATING
SYN-C-00130,Tumakuru,2020,BURGLARY - NIGHT
SYN-C-00131,Bengaluru Urban,2022,THEFT
SYN-C-00132,Bengaluru Urban,2021,CHEATING
SYN-C-00133,Bengaluru Urban,2020,THEFT
SYN-C-00134,Tumakuru,2020,THEFT
SYN-C-00135,Bengaluru Urban,2021,THEFT
SYN-C-00136,Tumakuru,2022,THEFT
SYN-C-00137,Bengaluru Urban,2022,THEFT
SYN-C-00138,Bengaluru Urban,2022,THEFT
SYN-C-00139,Mysuru,2021,THEFT
SYN-C-00140,Bengaluru Urban,2023,THEFT
SYN-C-00141,Bengaluru Urban,2022,THEFT
SYN-C-00142,Bengaluru Urban,2021,THEFT
SYN-C-00143,Mysuru,2021,BURGLARY - NIGHT
SYN-C-00144,Bengaluru Urban,2021,THEFT
SYN-C-00145,Mysuru,2023,CHEATING
SYN-C-00146,Belagavi,2023,THEFT
SYN-C-00147,Bengaluru Urban,2021,THEFT
SYN-C-00148,Bengaluru Urban,2022,THEFT
SYN-C-00149,Tumakuru,2020,MURDER
SYN-C-00150,Bengaluru Urban,2020,CHEATING
SYN-C-00151,Kalaburagi,2021,BURGLARY - NIGHT
SYN-C-00152,Bengaluru Urban,2023,THEFT
SYN-C-00153,Bengaluru Urban,2023,THEFT
SYN-C-00154,Bengaluru Urban,2023,CHEATING
SYN-C-00155,Tumakuru,2022,CHEATING
SYN-C-00156,Bengaluru Urban,2021,BURGLARY - NIGHT
SYN-C-00157,Bengaluru Urban,2021,THEFT
SYN-C-00158,Bengaluru Urban,2019,THEFT
SYN-C-00159,Belagavi,2022,THEFT
SYN-C-00160,Bengaluru Urban,2019,THEFT
SYN-C-00161,Mysuru,2022,THEFT
SYN-C-00162,Kalaburagi,2023,THEFT
SYN-C-00163,Bengaluru Urban,2019,CHEATING
SYN-C-00164,Bengaluru Urban,2023,BURGLARY - NIGHT
SYN-C-00165,Bengaluru Urban,2022,CHEATING
SYN-C-00166,Bengaluru Urban,2022,THEFT
SYN-C-00167,Bengaluru Urban,2023,ROBBERY
SYN-C-00168,Bengaluru Urban,2020,THEFT
SYN-C-00169,Tumakuru,2021,MURDER
SYN-C-00170,Bengaluru Urban,2022,CHEATING
SYN-C-00171,Bengaluru Urban,2023,CHEATING
SYN-C-00172,Bengaluru Urban,2023,CHEATING
SYN-C-00173,Bengaluru Urban,2019,THEFT
SYN-C-00174,Belagavi,2023,CHEATING
SYN-C-00175,Bengaluru Urban,2021,THEFT
SYN-C-00176,Bengaluru Urban,2023,THEFT
SYN-C-00177,Kalaburagi,2021,THEFT
SYN-C-00178,Bengaluru Urban,2023,THEFT
SYN-C-00179,Bengaluru Urban,2019,CHEATING
SYN-C-00180,Mysuru,2022,THEFT
SYN-C-00181,Kalaburagi,2020,THEFT
SYN-C-00182,Mysuru,2021,BURGLARY - NIGHT
SYN-C-00183,Bengaluru Urban,2022,THEFT
SYN-C-00184,Mysuru,2022,THEFT
SYN-C-00185,Belagavi,2022,MURDER
SYN-C-00186,Belagavi,2021,MURDER
SYN-C-00187,Belagavi,2020,THEFT
SYN-C-00188,Bengaluru Urban,2020,CHEATING
SYN-C-00189,Bengaluru Urban,2020,CHEATING
SYN-C-00190,Bengaluru Urban,2019,THEFT
SYN-C-00191,Bengaluru Urban,2022,THEFT
SYN-C-00192,Belagavi,2021,THEFT
SYN-C-00193,Bengaluru Urban,2022,THEFT
SYN-C-00194,Bengaluru Urban,2019,THEFT
SYN-C-00195,Bengaluru Urban,2023,THEFT
SYN-C-00196,Belagavi,2020,THEFT
SYN-C-00197,Bengaluru Urban,2020,THEFT
SYN-C-00198,Tumakuru,2019,CHEATING
SYN-C-00199,Bengaluru Urban,2022,THEFT
SYN-C-00200,Kalaburagi,2021,THEFT
SYN-C-00201,Bengaluru Urban,2023,ROBBERY
SYN-C-00202,Bengaluru Urban,2023,CHEATING
SYN-C-00203,Bengaluru Urban,2019,THEFT
SYN-C-00204,Bengaluru Urban,2022,THEFT
SYN-C-00205,Belagavi,2022,BURGLARY - NIGHT
SYN-C-00206,Kalaburagi,2020,THEFT
SYN-C-00207,Tumakuru,2021,CHEATING
SYN-C-00208,Mysuru,2019,THEFT
SYN-C-00209,Belagavi,2022,THEFT
SYN-C-00210,Bengaluru Urban,2021,CHEATING
SYN-C-00211,Bengaluru Urban,2020,THEFT
SYN-C-00212,Bengaluru Urban,2019,CHEATING
SYN-C-00213,Bengaluru Urban,2023,CHEATING
SYN-C-00214,Kalaburagi,2020,BURGLARY - NIGHT
SYN-C-00215,Bengaluru Urban,2020,THEFT
SYN-C-00216,Mysuru,2019,THEFT
SYN-C-00217,Kalaburagi,2020,BURGLARY - NIGHT
SYN-C-00218,Bengaluru Urban,2019,ROBBERY
SYN-C-00219,Bengaluru Urban,2023,THEFT
SYN-C-00220,Mysuru,2021,CHEATING
SYN-C-00221,Bengaluru Urban,2019,THEFT
SYN-C-00222,Bengaluru Urban,2022,THEFT
SYN-C-00223,Bengaluru Urban,2023,CHEATING
SYN-C-00224,Bengaluru Urban,2023,CHEATING
SYN-C-00225,Bengaluru Urban,2019,CHEATING
SYN-C-00226,Bengaluru Urban,2023,THEFT
SYN-C-00227,Bengaluru Urban,2023,CHEATING
SYN-C-00228,Kalaburagi,2022,THEFT
SYN-C-00229,Kalaburagi,2020,THEFT
SYN-C-00230,Bengaluru Urban,2020,THEFT
SYN-C-00231,Bengaluru Urban,2023,THEFT
SYN-C-00232,Mysuru,2020,CHEATING
SYN-C-00233,Mysuru,2021,THEFT
SYN-C-00234,Bengaluru Urban,2019,THEFT
SYN-C-00235,Belagavi,2021,BURGLARY - NIGHT
SYN-C-00236,Bengaluru Urban,2023,ROBBERY
SYN-C-00237,Bengaluru Urban,2019,THEFT
SYN-C-00238,Bengaluru Urban,2022,THEFT
SYN-C-00239,Tumakuru,2019,THEFT
SYN-C-00240,Bengaluru Urban,2021,THEFT
SYN-C-00241,Bengaluru Urban,2020,CHEATING
SYN-C-00242,Bengaluru Urban,2022,BURGLARY - NIGHT
SYN-C-00243,Bengaluru Urban,2023,ROBBERY
SYN-C-00244,Bengaluru Urban,2019,CHEATING
SYN-C-00245,Bengaluru Urban,2021,THEFT
SYN-C-00246,Bengaluru Urban,2019,THEFT
SYN-C-00247,Bengaluru Urban,2023,THEFT
SYN-C-00248,Kalaburagi,2023,BURGLARY - NIGHT
SYN-C-00249,Bengaluru Urban,2021,ROBBERY
SYN-C-00250,Bengaluru Urban,2021,ROBBERY
SYN-C-00251,Bengaluru Urban,2022,THEFT
SYN-C-00252,Bengaluru Urban,2019,THEFT
SYN-C-00253,Bengaluru Urban,2020,CHEATING
SYN-C-00254,Bengaluru Urban,2020,THEFT
SYN-C-00255,Bengaluru Urban,2022,BURGLARY - NIGHT
SYN-C-00256,Bengaluru Urban,2019,BURGLARY - NIGHT
SYN-C-00257,Bengaluru Urban,2023,THEFT
SYN-C-00258,Bengaluru Urban,2022,THEFT
SYN-C-00259,Bengaluru Urban,2020,THEFT
SYN-C-00260,Bengaluru Urban,2019,BURGLARY - NIGHT
SYN-C-00261,Bengaluru Urban,2023,THEFT
SYN-C-00262,Bengaluru Urban,2019,ROBBERY
SYN-C-00263,Bengaluru Urban,2019,THEFT
SYN-C-00264,Bengaluru Urban,2019,ROBBERY
SYN-C-00265,Bengaluru Urban,2019,BURGLARY - NIGHT
SYN-C-00266,Mysuru,2022,ROBBERY
SYN-C-00267,Bengaluru Urban,2020,THEFT
SYN-C-00268,Bengaluru Urban,2020,THEFT
SYN-C-00269,Kalaburagi,2023,CHEATING
SYN-C-00270,Bengaluru Urban,2023,CHEATING
SYN-C-00271,Bengaluru Urban,2019,THEFT
SYN-C-00272,Bengaluru Urban,2021,THEFT
SYN-C-00273,Mysuru,2021,CHEATING
SYN-C-00274,Bengaluru Urban,2021,ROBBERY
SYN-C-00275,Bengaluru Urban,2023,THEFT
SYN-C-00276,Bengaluru Urban,2019,CHEATING
SYN-C-00277,Bengaluru Urban,2023,THEFT
SYN-C-00278,Bengaluru Urban,2023,THEFT
SYN-C-00279,Kalaburagi,2022,THEFT
SYN-C-00280,Bengaluru Urban,2023,THEFT
SYN-C-00281,Bengaluru Urban,2021,MURDER
SYN-C-00282,Belagavi,2023,ROBBERY
SYN-C-00283,Bengaluru Urban,2022,THEFT
SYN-C-00284,Bengaluru Urban,2023,THEFT
SYN-C-00285,Bengaluru Urban,2019,THEFT
SYN-C-00286,Bengaluru Urban,2020,THEFT
SYN-C-00287,Bengaluru Urban,2022,THEFT
SYN-C-00288,Bengaluru Urban,2023,THEFT
SYN-C-00289,Mysuru,2021,THEFT
SYN-C-00290,Bengaluru Urban,2019,ROBBERY
SYN-C-00291,Bengaluru Urban,2019,THEFT
SYN-C-00292,Kalaburagi,2020,MURDER
SYN-C-00293,Bengaluru Urban,2023,CHEATING
SYN-C-00294,Bengaluru Urban,2023,THEFT
SYN-C-00295,Tumakuru,2023,THEFT
SYN-C-00296,Tumakuru,2019,CHEATING
SYN-C-00297,Kalaburagi,2023,THEFT
SYN-C-00298,Bengaluru Urban,2023,THEFT
SYN-C-00299,Bengaluru Urban,2021,THEFT
SYN-C-00300,Bengaluru Urban,2023,CHEATING
SYN-C-00301,Bengaluru Urban,2019,THEFT
SYN-C-00302,Bengaluru Urban,2023,THEFT
SYN-C-00303,Bengaluru Urban,2023,THEFT
SYN-C-00304,Bengaluru Urban,2023,THEFT
SYN-C-00305,Bengaluru Urban,2021,THEFT
SYN-C-00306,Bengaluru Urban,2021,THEFT
SYN-C-00307,Bengaluru Urban,2021,THEFT
SYN-C-00308,Belagavi,2021,THEFT
SYN-C-00309,Kalaburagi,2023,THEFT
SYN-C-00310,Bengaluru Urban,2022,THEFT
SYN-C-00311,Bengaluru Urban,2021,THEFT
SYN-C-00312,Bengaluru Urban,2022,THEFT
SYN-C-00313,Bengaluru Urban,2023,THEFT
SYN-C-00314,Bengaluru Urban,2021,THEFT
SYN-C-00315,Kalaburagi,2023,BURGLARY - NIGHT
SYN-C-00316,Mysuru,2023,BURGLARY - NIGHT
SYN-C-00317,Bengaluru Urban,2021,THEFT
SYN-C-00318,Bengaluru Urban,2019,THEFT
SYN-C-00319,Bengaluru Urban,2023,THEFT
SYN-C-00320,Tumakuru,2023,THEFT
SYN-C-00321,Bengaluru Urban,2019,THEFT
SYN-C-00322,Bengaluru Urban,2023,THEFT
SYN-C-00323,Kalaburagi,2022,THEFT
SYN-C-00324,Mysuru,2023,BURGLARY - NIGHT
SYN-C-00325,Bengaluru Urban,2019,ROBBERY
SYN-C-00326,Bengaluru Urban,2019,CHEATING
SYN-C-00327,Tumakuru,2023,CHEATING
SYN-C-00328,Bengaluru Urban,2019,DACOITY
SYN-C-00329,Bengaluru Urban,2019,THEFT
SYN-C-00330,Bengaluru Urban,2022,THEFT
SYN-C-00331,Bengaluru Urban,2021,THEFT
SYN-C-00332,Bengaluru Urban,2023,THEFT
SYN-C-00333,Bengaluru Urban,2019,THEFT
SYN-C-00334,Mysuru,2022,THEFT
SYN-C-00335,Bengaluru Urban,2019,THEFT
SYN-C-00336,Bengaluru Urban,2023,THEFT
SYN-C-00337,Belagavi,2023,THEFT
SYN-C-00338,Bengaluru Urban,2022,CHEATING
SYN-C-00339,Belagavi,2021,THEFT
SYN-C-00340,Bengaluru Urban,2020,THEFT
SYN-C-00341,Bengaluru Urban,2020,THEFT
SYN-C-00342,Bengaluru Urban,2023,THEFT
SYN-C-00343,Bengaluru Urban,2022,BURGLARY - NIGHT
SYN-C-00344,Belagavi,2023,BURGLARY - NIGHT
SYN-C-00345,Tumakuru,2023,THEFT
SYN-C-00346,Mysuru,2021,THEFT
SYN-C-00347,Mysuru,2022,THEFT
SYN-C-00348,Bengaluru Urban,2020,CHEATING
SYN-C-00349,Bengaluru Urban,2021,THEFT
SYN-C-00350,Bengaluru Urban,2020,BURGLARY - NIGHT
SYN-C-00351,Bengaluru Urban,2019,ROBBERY
SYN-C-00352,Belagavi,2021,THEFT
SYN-C-00353,Bengaluru Urban,2022,ROBBERY
SYN-C-00354,Bengaluru Urban,2019,ROBBERY
SYN-C-00355,Bengaluru Urban,2019,THEFT
SYN-C-00356,Mysuru,2019,THEFT
SYN-C-00357,Bengaluru Urban,2022,CHEATING
SYN-C-00358,Bengaluru Urban,2019,THEFT
SYN-C-00359,Bengaluru Urban,2023,THEFT
SYN-C-00360,Bengaluru Urban,2020,ROBBERY
SYN-C-00361,Bengaluru Urban,2022,THEFT
SYN-C-00362,Bengaluru Urban,2020,THEFT
SYN-C-00363,Bengaluru Urban,2022,THEFT
SYN-C-00364,Bengaluru Urban,2023,CHEATING
SYN-C-00365,Bengaluru Urban,2022,THEFT
SYN-C-00366,Bengaluru Urban,2021,THEFT
SYN-C-00367,Kalaburagi,2019,ROBBERY
SYN-C-00368,Mysuru,2020,THEFT
SYN-C-00369,Bengaluru Urban,2019,THEFT
SYN-C-00370,Bengaluru Urban,2019,THEFT
SYN-C-00371,Bengaluru Urban,2019,CHEATING
SYN-C-00372,Tumakuru,2022,THEFT
SYN-C-00373,Tumakuru,2019,THEFT
SYN-C-00374,Bengaluru Urban,2020,BURGLARY - NIGHT
SYN-C-00375,Tumakuru,2022,BURGLARY - NIGHT
SYN-C-00376,Bengaluru Urban,2019,THEFT
SYN-C-00377,Bengaluru Urban,2022,THEFT
SYN-C-00378,Bengaluru Urban,2022,ROBBERY
SYN-C-00379,Mysuru,2022,THEFT
SYN-C-00380,Belagavi,2022,BURGLARY - NIGHT
SYN-C-00381,Bengaluru Urban,2020,THEFT
SYN-C-00382,Bengaluru Urban,2023,BURGLARY - NIGHT
SYN-C-00383,Belagavi,2023,THEFT
SYN-C-00384,Bengaluru Urban,2020,CHEATING
SYN-C-00385,Bengaluru Urban,2022,CHEATING
SYN-C-00386,Mysuru,2021,BURGLARY - NIGHT
SYN-C-00387,Bengaluru Urban,2023,THEFT
SYN-C-00388,Kalaburagi,2022,THEFT
SYN-C-00389,Bengaluru Urban,2023,THEFT
SYN-C-00390,Bengaluru Urban,2023,THEFT
SYN-C-00391,Mysuru,2019,CHEATING
SYN-C-00392,Bengaluru Urban,2023,THEFT
SYN-C-00393,Bengaluru Urban,2023,THEFT
SYN-C-00394,Bengaluru Urban,2020,THEFT
SYN-C-00395,Bengaluru Urban,2019,THEFT
SYN-C-00396,Bengaluru Urban,2023,THEFT
SYN-C-00397,Bengaluru Urban,2019,THEFT
SYN-C-00398,Mysuru,2023,BURGLARY - NIGHT
SYN-C-00399,Bengaluru Urban,2023,BURGLARY - NIGHT
SYN-C-00400,Bengaluru Urban,2020,THEFT
SYN-C-00401,Tumakuru,2019,BURGLARY - NIGHT
SYN-C-00402,Bengaluru Urban,2019,THEFT
SYN-C-00403,Bengaluru Urban,2022,THEFT
SYN-C-00404,Bengaluru Urban,2019,CHEATING
SYN-C-00405,Tumakuru,2021,THEFT
SYN-C-00406,Bengaluru Urban,2022,THEFT
SYN-C-00407,Kalaburagi,2020,THEFT
SYN-C-00408,Bengaluru Urban,2020,THEFT
SYN-C-00409,Kalaburagi,2020,THEFT
SYN-C-00410,Bengaluru Urban,2023,THEFT
SYN-C-00411,Bengaluru Urban,2023,CHEATING
SYN-C-00412,Tumakuru,2020,DACOITY
SYN-C-00413,Bengaluru Urban,2021,THEFT
SYN-C-00414,Bengaluru Urban,2021,THEFT
SYN-C-00415,Bengaluru Urban,2023,THEFT
SYN-C-00416,Kalaburagi,2023,THEFT
SYN-C-00417,Bengaluru Urban,2021,BURGLARY - NIGHT
SYN-C-00418,Bengaluru Urban,2023,THEFT
SYN-C-00419,Bengaluru Urban,2019,THEFT
SYN-C-00420,Bengaluru Urban,2022,THEFT
SYN-C-00421,Bengaluru Urban,2023,THEFT
SYN-C-00422,Belagavi,2023,THEFT
SYN-C-00423,Bengaluru Urban,2023,THEFT
SYN-C-00424,Belagavi,2020,CHEATING
SYN-C-00425,Tumakuru,2021,BURGLARY - NIGHT
SYN-C-00426,Bengaluru Urban,2022,CHEATING
SYN-C-00427,Bengaluru Urban,2021,THEFT
SYN-C-00428,Bengaluru Urban,2023,THEFT
SYN-C-00429,Bengaluru Urban,2022,THEFT
SYN-C-00430,Bengaluru Urban,2023,THEFT
SYN-C-00431,Bengaluru Urban,2019,BURGLARY - NIGHT
SYN-C-00432,Bengaluru Urban,2022,THEFT
SYN-C-00433,Bengaluru Urban,2022,THEFT
SYN-C-00434,Mysuru,2023,THEFT
SYN-C-00435,Belagavi,2022,BURGLARY - NIGHT
SYN-C-00436,Bengaluru Urban,2022,BURGLARY - NIGHT
SYN-C-00437,Bengaluru Urban,2023,CHEATING
SYN-C-00438,Bengaluru Urban,2022,THEFT
SYN-C-00439,Bengaluru Urban,2019,BURGLARY - NIGHT
SYN-C-00440,Bengaluru Urban,2022,THEFT
SYN-C-00441,Bengaluru Urban,2019,THEFT
SYN-C-00442,Bengaluru Urban,2019,THEFT
SYN-C-00443,Mysuru,2021,BURGLARY - NIGHT
SYN-C-00444,Bengaluru Urban,2019,THEFT
SYN-C-00445,Bengaluru Urban,2022,BURGLARY - NIGHT
SYN-C-00446,Bengaluru Urban,2023,THEFT
SYN-C-00447,Bengaluru Urban,2023,THEFT
SYN-C-00448,Bengaluru Urban,2022,THEFT
SYN-C-00449,Kalaburagi,2021,CHEATING
SYN-C-00450,Bengaluru Urban,2022,CHEATING
SYN-C-00451,Bengaluru Urban,2023,CHEATING
SYN-C-00452,Kalaburagi,2022,CHEATING
SYN-C-00453,Bengaluru Urban,2023,THEFT
SYN-C-00454,Bengaluru Urban,2023,CHEATING
SYN-C-00455,Bengaluru Urban,2021,THEFT
SYN-C-00456,Bengaluru Urban,2022,THEFT
SYN-C-00457,Bengaluru Urban,2021,THEFT
SYN-C-00458,Bengaluru Urban,2023,THEFT
SYN-C-00459,Bengaluru Urban,2021,THEFT
SYN-C-00460,Bengaluru Urban,2022,CHEATING
SYN-C-00461,Bengaluru Urban,2023,THEFT
SYN-C-00462,Bengaluru Urban,2022,ROBBERY
SYN-C-00463,Bengaluru Urban,2021,CHEATING
SYN-C-00464,Kalaburagi,2022,THEFT
SYN-C-00465,Bengaluru Urban,2021,THEFT
SYN-C-00466,Kalaburagi,2023,THEFT
SYN-C-00467,Bengaluru Urban,2023,THEFT
SYN-C-00468,Bengaluru Urban,2021,THEFT
SYN-C-00469,Bengaluru Urban,2023,THEFT
SYN-C-00470,Belagavi,2021,THEFT
SYN-C-00471,Bengaluru Urban,2021,THEFT
SYN-C-00472,Mysuru,2019,THEFT
SYN-C-00473,Bengaluru Urban,2022,THEFT
SYN-C-00474,Bengaluru Urban,2022,THEFT
SYN-C-00475,Bengaluru Urban,2023,THEFT
SYN-C-00476,Bengaluru Urban,2023,THEFT
SYN-C-00477,Bengaluru Urban,2022,THEFT
SYN-C-00478,Bengaluru Urban,2021,THEFT
SYN-C-00479,Bengaluru Urban,2019,THEFT
SYN-C-00480,Bengaluru Urban,2020,THEFT
SYN-C-00481,Bengaluru Urban,2020,THEFT
SYN-C-00482,Bengaluru Urban,2021,THEFT
SYN-C-00483,Tumakuru,2023,THEFT
SYN-C-00484,Bengaluru Urban,2021,CHEATING
SYN-C-00485,Bengaluru Urban,2021,THEFT
SYN-C-00486,Bengaluru Urban,2021,ROBBERY
SYN-C-00487,Bengaluru Urban,2022,THEFT
SYN-C-00488,Tumakuru,2020,BURGLARY - NIGHT
SYN-C-00489,Mysuru,2021,THEFT
SYN-C-00490,Bengaluru Urban,2021,ROBBERY
SYN-C-00491,Bengaluru Urban,2020,THEFT
SYN-C-00492,Mysuru,2021,CHEATING
SYN-C-00493,Bengaluru Urban,2022,DACOITY
SYN-C-00494,Bengaluru Urban,2023,THEFT
SYN-C-00495,Belagavi,2023,THEFT
SYN-C-00496,Mysuru,2020,CHEATING
SYN-C-00497,Bengaluru Urban,2020,THEFT
SYN-C-00498,Bengaluru Urban,2022,DACOITY
SYN-C-00499,Bengaluru Urban,2019,THEFT
SYN-C-00500,Bengaluru Urban,2021,THEFT
SYN-C-00501,Kalaburagi,2022,THEFT
SYN-C-00502,Kalaburagi,2022,THEFT
SYN-C-00503,Bengaluru Urban,2022,CHEATING
SYN-C-00504,Bengaluru Urban,2023,THEFT
SYN-C-00505,Bengaluru Urban,2022,BURGLARY - NIGHT
SYN-C-00506,Bengaluru Urban,2021,ROBBERY
SYN-C-00507,Bengaluru Urban,2022,THEFT
SYN-C-00508,Bengaluru Urban,2019,THEFT
SYN-C-00509,Bengaluru Urban,2020,THEFT
SYN-C-00510,Bengaluru Urban,2023,THEFT
SYN-C-00511,Bengaluru Urban,2023,THEFT
SYN-C-00512,Belagavi,2023,BURGLARY - NIGHT
SYN-C-00513,Bengaluru Urban,2023,THEFT
SYN-C-00514,Kalaburagi,2022,BURGLARY - NIGHT
SYN-C-00515,Bengaluru Urban,2021,THEFT
SYN-C-00516,Belagavi,2023,CHEATING
SYN-C-00517,Bengaluru Urban,2023,THEFT
SYN-C-00518,Bengaluru Urban,2020,CHEATING
SYN-C-00519,Bengaluru Urban,2023,CHEATING
SYN-C-00520,Bengaluru Urban,2021,ROBBERY
SYN-C-00521,Bengaluru Urban,2023,CHEATING
SYN-C-00522,Bengaluru Urban,2020,MURDER
SYN-C-00523,Bengaluru Urban,2022,CHEATING
SYN-C-00524,Bengaluru Urban,2022,THEFT
SYN-C-00525,Bengaluru Urban,2023,CHEATING
SYN-C-00526,Bengaluru Urban,2019,THEFT
SYN-C-00527,Tumakuru,2021,ROBBERY
SYN-C-00528,Bengaluru Urban,2020,THEFT
SYN-C-00529,Bengaluru Urban,2020,THEFT
SYN-C-00530,Bengaluru Urban,2020,DACOITY
SYN-C-00531,Belagavi,2023,THEFT
SYN-C-00532,Bengaluru Urban,2021,THEFT
SYN-C-00533,Bengaluru Urban,2023,THEFT
SYN-C-00534,Bengaluru Urban,2023,THEFT
SYN-C-00535,Bengaluru Urban,2019,THEFT
SYN-C-00536,Bengaluru Urban,2019,THEFT
SYN-C-00537,Bengaluru Urban,2020,THEFT
SYN-C-00538,Bengaluru Urban,2023,THEFT
SYN-C-00539,Bengaluru Urban,2022,CHEATING
SYN-C-00540,Mysuru,2023,CHEATING
SYN-C-00541,Bengaluru Urban,2023,ROBBERY
SYN-C-00542,Bengaluru Urban,2023,CHEATING
SYN-C-00543,Bengaluru Urban,2023,THEFT
SYN-C-00544,Bengaluru Urban,2023,THEFT
SYN-C-00545,Bengaluru Urban,2021,CHEATING
SYN-C-00546,Bengaluru Urban,2020,DACOITY
SYN-C-00547,Bengaluru Urban,2021,THEFT
SYN-C-00548,Bengaluru Urban,2022,CHEATING
SYN-C-00549,Bengaluru Urban,2019,THEFT
SYN-C-00550,Bengaluru Urban,2021,THEFT
SYN-C-00551,Bengaluru Urban,2023,CHEATING
SYN-C-00552,Bengaluru Urban,2019,THEFT
SYN-C-00553,Bengaluru Urban,2019,THEFT
SYN-C-00554,Bengaluru Urban,2019,THEFT
SYN-C-00555,Bengaluru Urban,2020,THEFT
SYN-C-00556,Tumakuru,2021,ROBBERY
SYN-C-00557,Belagavi,2021,BURGLARY - NIGHT
SYN-C-00558,Bengaluru Urban,2019,THEFT
SYN-C-00559,Bengaluru Urban,2019,THEFT
SYN-C-00560,Bengaluru Urban,2022,CHEATING
SYN-C-00561,Belagavi,2020,CHEATING
SYN-C-00562,Bengaluru Urban,2022,BURGLARY - NIGHT
SYN-C-00563,Bengaluru Urban,2019,THEFT
SYN-C-00564,Bengaluru Urban,2020,THEFT
SYN-C-00565,Kalaburagi,2019,THEFT
SYN-C-00566,Bengaluru Urban,2019,THEFT
SYN-C-00567,Bengaluru Urban,2023,CHEATING
SYN-C-00568,Bengaluru Urban,2021,THEFT
SYN-C-00569,Bengaluru Urban,2021,THEFT
SYN-C-00570,Kalaburagi,2022,BURGLARY - NIGHT
SYN-C-00571,Bengaluru Urban,2019,THEFT
SYN-C-00572,Mysuru,2023,CHEATING
SYN-C-00573,Mysuru,2021,THEFT
SYN-C-00574,Bengaluru Urban,2023,THEFT
SYN-C-00575,Belagavi,2022,THEFT
SYN-C-00576,Bengaluru Urban,2023,THEFT
SYN-C-00577,Bengaluru Urban,2023,BURGLARY - NIGHT
SYN-C-00578,Bengaluru Urban,2023,THEFT
SYN-C-00579,Bengaluru Urban,2019,THEFT
SYN-C-00580,Tumakuru,2020,THEFT
SYN-C-00581,Mysuru,2021,ROBBERY
SYN-C-00582,Bengaluru Urban,2019,CHEATING
SYN-C-00583,Bengaluru Urban,2020,THEFT
SYN-C-00584,Belagavi,2021,THEFT
SYN-C-00585,Kalaburagi,2023,BURGLARY - NIGHT
SYN-C-00586,Mysuru,2022,THEFT
SYN-C-00587,Tumakuru,2023,ROBBERY
SYN-C-00588,Bengaluru Urban,2023,CHEATING
SYN-C-00589,Bengaluru Urban,2023,THEFT
SYN-C-00590,Bengaluru Urban,2023,THEFT
SYN-C-00591,Bengaluru Urban,2022,THEFT
SYN-C-00592,Tumakuru,2020,THEFT
SYN-C-00593,Bengaluru Urban,2023,CHEATING
SYN-C-00594,Bengaluru Urban,2021,BURGLARY - NIGHT
SYN-C-00595,Bengaluru Urban,2022,THEFT
SYN-C-00596,Belagavi,2020,THEFT
SYN-C-00597,Bengaluru Urban,2023,THEFT
SYN-C-00598,Bengaluru Urban,2023,THEFT
SYN-C-00599,Bengaluru Urban,2021,THEFT
SYN-C-00600,Mysuru,2019,ROBBERY
SYN-C-00601,Bengaluru Urban,2023,THEFT
SYN-C-00602,Bengaluru Urban,2021,BURGLARY - NIGHT
SYN-C-00603,Bengaluru Urban,2019,BURGLARY - NIGHT
SYN-C-00604,Bengaluru Urban,2019,THEFT
SYN-C-00605,Bengaluru Urban,2019,THEFT
SYN-C-00606,Bengaluru Urban,2020,THEFT
SYN-C-00607,Bengaluru Urban,2021,THEFT
SYN-C-00608,Mysuru,2023,THEFT
SYN-C-00609,Bengaluru Urban,2020,THEFT
SYN-C-00610,Mysuru,2022,BURGLARY - NIGHT
SYN-C-00611,Bengaluru Urban,2023,THEFT
SYN-C-00612,Mysuru,2019,THEFT
SYN-C-00613,Bengaluru Urban,2021,THEFT
SYN-C-00614,Belagavi,2019,CHEATING
SYN-C-00615,Kalaburagi,2019,BURGLARY - NIGHT
SYN-C-00616,Bengaluru Urban,2020,CHEATING
SYN-C-00617,Bengaluru Urban,2019,THEFT
SYN-C-00618,Kalaburagi,2020,MURDER
SYN-C-00619,Bengaluru Urban,2023,THEFT
SYN-C-00620,Bengaluru Urban,2019,THEFT
SYN-C-00621,Bengaluru Urban,2020,THEFT
SYN-C-00622,Tumakuru,2019,CHEATING
SYN-C-00623,Bengaluru Urban,2020,THEFT
SYN-C-00624,Bengaluru Urban,2023,THEFT
SYN-C-00625,Bengaluru Urban,2019,ROBBERY
SYN-C-00626,Kalaburagi,2021,THEFT
SYN-C-00627,Bengaluru Urban,2019,DACOITY
SYN-C-00628,Bengaluru Urban,2022,THEFT
SYN-C-00629,Belagavi,2021,THEFT
SYN-C-00630,Bengaluru Urban,2022,THEFT
SYN-C-00631,Mysuru,2019,BURGLARY - NIGHT
SYN-C-00632,Bengaluru Urban,2019,BURGLARY - NIGHT
SYN-C-00633,Bengaluru Urban,2020,THEFT
SYN-C-00634,Bengaluru Urban,2023,THEFT
SYN-C-00635,Bengaluru Urban,2023,CHEATING
SYN-C-00636,Bengaluru Urban,2020,THEFT
SYN-C-00637,Bengaluru Urban,2023,CHEATING
SYN-C-00638,Bengaluru Urban,2022,BURGLARY - NIGHT
SYN-C-00639,Mysuru,2019,THEFT
SYN-C-00640,Bengaluru Urban,2020,THEFT
SYN-C-00641,Bengaluru Urban,2023,THEFT
SYN-C-00642,Bengaluru Urban,2023,CHEATING
SYN-C-00643,Bengaluru Urban,2023,THEFT
SYN-C-00644,Bengaluru Urban,2021,THEFT
SYN-C-00645,Bengaluru Urban,2023,THEFT
SYN-C-00646,Bengaluru Urban,2023,THEFT
SYN-C-00647,Bengaluru Urban,2021,THEFT
SYN-C-00648,Belagavi,2021,BURGLARY - NIGHT
SYN-C-00649,Tumakuru,2021,THEFT
SYN-C-00650,Bengaluru Urban,2023,THEFT
SYN-C-00651,Bengaluru Urban,2019,THEFT
SYN-C-00652,Bengaluru Urban,2023,THEFT
SYN-C-00653,Bengaluru Urban,2020,THEFT
SYN-C-00654,Bengaluru Urban,2022,CHEATING
SYN-C-00655,Mysuru,2019,THEFT
SYN-C-00656,Bengaluru Urban,2021,THEFT
SYN-C-00657,Bengaluru Urban,2020,THEFT
SYN-C-00658,Bengaluru Urban,2020,THEFT
SYN-C-00659,Bengaluru Urban,2019,BURGLARY - NIGHT
SYN-C-00660,Bengaluru Urban,2019,THEFT
SYN-C-00661,Bengaluru Urban,2020,THEFT
SYN-C-00662,Bengaluru Urban,2019,THEFT
SYN-C-00663,Belagavi,2023,MURDER
SYN-C-00664,Bengaluru Urban,2022,CHEATING
SYN-C-00665,Bengaluru Urban,2019,THEFT
SYN-C-00666,Bengaluru Urban,2023,THEFT
SYN-C-00667,Mysuru,2023,CHEATING
SYN-C-00668,Bengaluru Urban,2020,THEFT
SYN-C-00669,Bengaluru Urban,2022,THEFT
SYN-C-00670,Bengaluru Urban,2022,THEFT
SYN-C-00671,Bengaluru Urban,2019,BURGLARY - NIGHT
SYN-C-00672,Bengaluru Urban,2019,ROBBERY
SYN-C-00673,Mysuru,2021,MURDER
SYN-C-00674,Bengaluru Urban,2022,CHEATING
SYN-C-00675,Kalaburagi,2020,THEFT
SYN-C-00676,Belagavi,2023,THEFT
SYN-C-00677,Bengaluru Urban,2022,THEFT
SYN-C-00678,Mysuru,2020,BURGLARY - NIGHT
SYN-C-00679,Mysuru,2020,CHEATING
SYN-C-00680,Belagavi,2019,CHEATING
SYN-C-00681,Bengaluru Urban,2022,THEFT
SYN-C-00682,Bengaluru Urban,2021,DACOITY
SYN-C-00683,Bengaluru Urban,2023,THEFT
SYN-C-00684,Belagavi,2023,THEFT
SYN-C-00685,Bengaluru Urban,2020,ROBBERY
SYN-C-00686,Kalaburagi,2021,THEFT
SYN-C-00687,Bengaluru Urban,2022,CHEATING
SYN-C-00688,Bengaluru Urban,2022,BURGLARY - NIGHT
SYN-C-00689,Tumakuru,2022,BURGLARY - NIGHT
SYN-C-00690,Bengaluru Urban,2020,THEFT
SYN-C-00691,Belagavi,2022,BURGLARY - NIGHT
SYN-C-00692,Bengaluru Urban,2021,THEFT
SYN-C-00693,Bengaluru Urban,2019,THEFT
SYN-C-00694,Bengaluru Urban,2019,BURGLARY - NIGHT
SYN-C-00695,Bengaluru Urban,2022,THEFT
SYN-C-00696,Tumakuru,2020,THEFT
SYN-C-00697,Bengaluru Urban,2022,THEFT
SYN-C-00698,Bengaluru Urban,2023,CHEATING
SYN-C-00699,Bengaluru Urban,2020,THEFT
SYN-C-00700,Bengaluru Urban,2022,THEFT
SYN-C-00701,Bengaluru Urban,2023,THEFT
SYN-C-00702,Bengaluru Urban,2022,THEFT
SYN-C-00703,Kalaburagi,2020,THEFT
SYN-C-00704,Bengaluru Urban,2022,THEFT
SYN-C-00705,Bengaluru Urban,2019,THEFT
SYN-C-00706,Bengaluru Urban,2022,THEFT
SYN-C-00707,Bengaluru Urban,2022,CHEATING
SYN-C-00708,Bengaluru Urban,2019,THEFT
SYN-C-00709,Bengaluru Urban,2023,CHEATING
SYN-C-00710,Kalaburagi,2022,BURGLARY - NIGHT
SYN-C-00711,Bengaluru Urban,2019,THEFT
SYN-C-00712,Bengaluru Urban,2022,THEFT
SYN-C-00713,Bengaluru Urban,2023,THEFT
SYN-C-00714,Bengaluru Urban,2021,THEFT
SYN-C-00715,Bengaluru Urban,2020,THEFT
SYN-C-00716,Bengaluru Urban,2021,ROBBERY
SYN-C-00717,Bengaluru Urban,2022,THEFT
SYN-C-00718,Bengaluru Urban,2023,THEFT
SYN-C-00719,Bengaluru Urban,2022,THEFT
SYN-C-00720,Bengaluru Urban,2019,CHEATING
SYN-C-00721,Kalaburagi,2022,BURGLARY - NIGHT
SYN-C-00722,Mysuru,2023,CHEATING
SYN-C-00723,Bengaluru Urban,2019,CHEATING
SYN-C-00724,Bengaluru Urban,2020,CHEATING
SYN-C-00725,Bengaluru Urban,2019,THEFT
SYN-C-00726,Mysuru,2019,CHEATING
SYN-C-00727,Mysuru,2022,THEFT
SYN-C-00728,Belagavi,2022,CHEATING
SYN-C-00729,Bengaluru Urban,2021,BURGLARY - NIGHT
SYN-C-00730,Bengaluru Urban,2019,THEFT
SYN-C-00731,Bengaluru Urban,2022,CHEATING
SYN-C-00732,Mysuru,2023,BURGLARY - NIGHT
SYN-C-00733,Belagavi,2023,THEFT
SYN-C-00734,Bengaluru Urban,2019,THEFT
SYN-C-00735,Bengaluru Urban,2022,CHEATING
SYN-C-00736,Bengaluru Urban,2022,THEFT
SYN-C-00737,Bengaluru Urban,2023,THEFT
SYN-C-00738,Bengaluru Urban,2021,THEFT
SYN-C-00739,Bengaluru Urban,2019,THEFT
SYN-C-00740,Bengaluru Urban,2021,CHEATING
SYN-C-00741,Tumakuru,2022,THEFT
SYN-C-00742,Bengaluru Urban,2023,THEFT
SYN-C-00743,Bengaluru Urban,2019,DACOITY
SYN-C-00744,Kalaburagi,2021,MURDER
SYN-C-00745,Bengaluru Urban,2020,THEFT
SYN-C-00746,Bengaluru Urban,2023,THEFT
SYN-C-00747,Belagavi,2019,THEFT
SYN-C-00748,Mysuru,2020,THEFT
SYN-C-00749,Bengaluru Urban,2019,THEFT
SYN-C-00750,Bengaluru Urban,2022,BURGLARY - NIGHT
SYN-C-00751,Bengaluru Urban,2023,THEFT
SYN-C-00752,Bengaluru Urban,2022,THEFT
SYN-C-00753,Bengaluru Urban,2019,THEFT
SYN-C-00754,Bengaluru Urban,2019,THEFT
SYN-C-00755,Bengaluru Urban,2020,THEFT
SYN-C-00756,Belagavi,2022,THEFT
SYN-C-00757,Bengaluru Urban,2019,THEFT
SYN-C-00758,Bengaluru Urban,2019,ROBBERY
SYN-C-00759,Bengaluru Urban,2022,CHEATING
SYN-C-00760,Bengaluru Urban,2021,CHEATING
SYN-C-00761,Bengaluru Urban,2022,THEFT
SYN-C-00762,Bengaluru Urban,2020,THEFT
SYN-C-00763,Belagavi,2021,THEFT
SYN-C-00764,Bengaluru Urban,2021,BURGLARY - NIGHT
SYN-C-00765,Bengaluru Urban,2023,THEFT
SYN-C-00766,Bengaluru Urban,2020,DACOITY
SYN-C-00767,Bengaluru Urban,2021,THEFT
SYN-C-00768,Bengaluru Urban,2023,THEFT
SYN-C-00769,Bengaluru Urban,2021,THEFT
SYN-C-00770,Mysuru,2021,THEFT
SYN-C-00771,Mysuru,2022,THEFT
SYN-C-00772,Bengaluru Urban,2020,THEFT
SYN-C-00773,Bengaluru Urban,2023,THEFT
SYN-C-00774,Bengaluru Urban,2020,CHEATING
SYN-C-00775,Bengaluru Urban,2019,THEFT
SYN-C-00776,Bengaluru Urban,2021,THEFT
SYN-C-00777,Bengaluru Urban,2023,BURGLARY - NIGHT
SYN-C-00778,Mysuru,2023,THEFT
SYN-C-00779,Bengaluru Urban,2019,THEFT
SYN-C-00780,Bengaluru Urban,2023,THEFT
SYN-C-00781,Bengaluru Urban,2022,CHEATING
SYN-C-00782,Bengaluru Urban,2019,THEFT
SYN-C-00783,Tumakuru,2022,CHEATING
SYN-C-00784,Bengaluru Urban,2023,THEFT
SYN-C-00785,Bengaluru Urban,2019,ROBBERY
SYN-C-00786,Mysuru,2022,ROBBERY
SYN-C-00787,Bengaluru Urban,2019,CHEATING
SYN-C-00788,Bengaluru Urban,2019,CHEATING
SYN-C-00789,Bengaluru Urban,2021,BURGLARY - NIGHT
SYN-C-00790,Tumakuru,2019,CHEATING
SYN-C-00791,Belagavi,2021,THEFT
SYN-C-00792,Mysuru,2022,THEFT
SYN-C-00793,Bengaluru Urban,2023,CHEATING
SYN-C-00794,Belagavi,2023,THEFT
SYN-C-00795,Bengaluru Urban,2022,THEFT
SYN-C-00796,Bengaluru Urban,2022,BURGLARY - NIGHT
SYN-C-00797,Bengaluru Urban,2022,THEFT
SYN-C-00798,Bengaluru Urban,2023,THEFT
SYN-C-00799,Bengaluru Urban,2023,THEFT
SYN-C-00800,Tumakuru,2023,THEFT
SYN-C-00801,Bengaluru Urban,2019,THEFT
SYN-C-00802,Kalaburagi,2021,THEFT
SYN-C-00803,Bengaluru Urban,2021,THEFT
SYN-C-00804,Bengaluru Urban,2023,THEFT
SYN-C-00805,Mysuru,2021,THEFT
SYN-C-00806,Tumakuru,2023,THEFT
SYN-C-00807,Bengaluru Urban,2020,THEFT
SYN-C-00808,Bengaluru Urban,2022,BURGLARY - NIGHT
SYN-C-00809,Tumakuru,2019,THEFT
SYN-C-00810,Tumakuru,2019,THEFT
SYN-C-00811,Bengaluru Urban,2021,ROBBERY
SYN-C-00812,Tumakuru,2019,MURDER
SYN-C-00813,Bengaluru Urban,2021,THEFT
SYN-C-00814,Bengaluru Urban,2021,ROBBERY
SYN-C-00815,Bengaluru Urban,2023,THEFT
SYN-C-00816,Bengaluru Urban,2022,CHEATING
SYN-C-00817,Bengaluru Urban,2021,THEFT
SYN-C-00818,Bengaluru Urban,2021,THEFT
SYN-C-00819,Bengaluru Urban,2021,THEFT
SYN-C-00820,Bengaluru Urban,2019,THEFT
SYN-C-00821,Belagavi,2023,CHEATING
SYN-C-00822,Bengaluru Urban,2023,THEFT
SYN-C-00823,Bengaluru Urban,2022,THEFT
SYN-C-00824,Bengaluru Urban,2023,THEFT
SYN-C-00825,Kalaburagi,2020,THEFT
SYN-C-00826,Bengaluru Urban,2020,BURGLARY - NIGHT
SYN-C-00827,Bengaluru Urban,2020,CHEATING
SYN-C-00828,Bengaluru Urban,2020,THEFT
SYN-C-00829,Bengaluru Urban,2020,THEFT
SYN-C-00830,Bengaluru Urban,2023,THEFT
SYN-C-00831,Bengaluru Urban,2021,ROBBERY
SYN-C-00832,Bengaluru Urban,2020,THEFT
SYN-C-00833,Bengaluru Urban,2023,CHEATING
SYN-C-00834,Bengaluru Urban,2019,THEFT
SYN-C-00835,Bengaluru Urban,2019,CHEATING
SYN-C-00836,Bengaluru Urban,2023,THEFT
SYN-C-00837,Bengaluru Urban,2023,THEFT
SYN-C-00838,Bengaluru Urban,2020,THEFT
SYN-C-00839,Bengaluru Urban,2023,CHEATING
SYN-C-00840,Belagavi,2021,THEFT
SYN-C-00841,Bengaluru Urban,2021,THEFT
SYN-C-00842,Bengaluru Urban,2022,THEFT
SYN-C-00843,Bengaluru Urban,2020,CHEATING
SYN-C-00844,Bengaluru Urban,2021,CHEATING
SYN-C-00845,Bengaluru Urban,2023,CHEATING
SYN-C-00846,Bengaluru Urban,2022,THEFT
SYN-C-00847,Bengaluru Urban,2019,THEFT
SYN-C-00848,Bengaluru Urban,2023,THEFT
SYN-C-00849,Bengaluru Urban,2019,BURGLARY - NIGHT
SYN-C-00850,Tumakuru,2022,BURGLARY - NIGHT
SYN-C-00851,Bengaluru Urban,2019,THEFT
SYN-C-00852,Bengaluru Urban,2020,CHEATING
SYN-C-00853,Bengaluru Urban,2019,THEFT
SYN-C-00854,Tumakuru,2023,THEFT
SYN-C-00855,Bengaluru Urban,2020,THEFT
SYN-C-00856,Bengaluru Urban,2023,BURGLARY - NIGHT
SYN-C-00857,Tumakuru,2023,THEFT
SYN-C-00858,Tumakuru,2020,CHEATING
SYN-C-00859,Belagavi,2022,BURGLARY - NIGHT
SYN-C-00860,Bengaluru Urban,2022,THEFT
SYN-C-00861,Bengaluru Urban,2023,BURGLARY - NIGHT
SYN-C-00862,Bengaluru Urban,2023,THEFT
SYN-C-00863,Bengaluru Urban,2021,BURGLARY - NIGHT
SYN-C-00864,Bengaluru Urban,2020,THEFT
SYN-C-00865,Belagavi,2019,CHEATING
SYN-C-00866,Belagavi,2021,THEFT
SYN-C-00867,Bengaluru Urban,2022,THEFT
SYN-C-00868,Bengaluru Urban,2019,BURGLARY - NIGHT
SYN-C-00869,Bengaluru Urban,2019,THEFT
SYN-C-00870,Bengaluru Urban,2021,BURGLARY - NIGHT
SYN-C-00871,Belagavi,2023,THEFT
SYN-C-00872,Belagavi,2021,MURDER
SYN-C-00873,Mysuru,2023,THEFT
SYN-C-00874,Bengaluru Urban,2021,THEFT
SYN-C-00875,Bengaluru Urban,2019,THEFT
SYN-C-00876,Bengaluru Urban,2023,THEFT
SYN-C-00877,Belagavi,2019,THEFT
SYN-C-00878,Bengaluru Urban,2020,CHEATING
SYN-C-00879,Tumakuru,2021,MURDER
SYN-C-00880,Mysuru,2021,THEFT
SYN-C-00881,Bengaluru Urban,2023,CHEATING
SYN-C-00882,Bengaluru Urban,2019,CHEATING
SYN-C-00883,Bengaluru Urban,2020,THEFT
SYN-C-00884,Belagavi,2021,CHEATING
SYN-C-00885,Bengaluru Urban,2019,THEFT
SYN-C-00886,Belagavi,2021,BURGLARY - NIGHT
SYN-C-00887,Bengaluru Urban,2019,ROBBERY
SYN-C-00888,Bengaluru Urban,2023,CHEATING
SYN-C-00889,Bengaluru Urban,2019,CHEATING
SYN-C-00890,Bengaluru Urban,2019,THEFT
SYN-C-00891,Mysuru,2022,CHEATING
SYN-C-00892,Bengaluru Urban,2021,BURGLARY - NIGHT
SYN-C-00893,Bengaluru Urban,2021,BURGLARY - NIGHT
SYN-C-00894,Bengaluru Urban,2019,CHEATING
SYN-C-00895,Kalaburagi,2019,THEFT
SYN-C-00896,Bengaluru Urban,2023,THEFT
SYN-C-00897,Bengaluru Urban,2022,THEFT
SYN-C-00898,Bengaluru Urban,2023,CHEATING
SYN-C-00899,Bengaluru Urban,2019,CHEATING
SYN-C-00900,Bengaluru Urban,2020,ROBBERY
SYN-C-00901,Bengaluru Urban,2022,THEFT
SYN-C-00902,Tumakuru,2020,THEFT
SYN-C-00903,Kalaburagi,2022,BURGLARY - NIGHT
SYN-C-00904,Bengaluru Urban,2023,CHEATING
SYN-C-00905,Bengaluru Urban,2022,THEFT
SYN-C-00906,Belagavi,2020,CHEATING
SYN-C-00907,Mysuru,2021,THEFT
SYN-C-00908,Belagavi,2023,THEFT
SYN-C-00909,Bengaluru Urban,2019,ROBBERY
SYN-C-00910,Bengaluru Urban,2023,THEFT
SYN-C-00911,Kalaburagi,2021,THEFT
SYN-C-00912,Bengaluru Urban,2023,THEFT
SYN-C-00913,Bengaluru Urban,2022,BURGLARY - NIGHT
SYN-C-00914,Bengaluru Urban,2019,THEFT
SYN-C-00915,Belagavi,2021,THEFT
SYN-C-00916,Mysuru,2019,MURDER
SYN-C-00917,Tumakuru,2022,THEFT
SYN-C-00918,Bengaluru Urban,2020,CHEATING
SYN-C-00919,Mysuru,2020,CHEATING
SYN-C-00920,Bengaluru Urban,2021,THEFT
SYN-C-00921,Bengaluru Urban,2020,THEFT
SYN-C-00922,Bengaluru Urban,2022,THEFT
SYN-C-00923,Belagavi,2019,THEFT
SYN-C-00924,Bengaluru Urban,2021,THEFT
SYN-C-00925,Bengaluru Urban,2019,THEFT
SYN-C-00926,Bengaluru Urban,2023,THEFT
SYN-C-00927,Bengaluru Urban,2022,ROBBERY
SYN-C-00928,Mysuru,2020,MURDER
SYN-C-00929,Mysuru,2021,THEFT
SYN-C-00930,Bengaluru Urban,2020,THEFT
SYN-C-00931,Bengaluru Urban,2020,THEFT
SYN-C-00932,Tumakuru,2019,CHEATING
SYN-C-00933,Bengaluru Urban,2022,ROBBERY
SYN-C-00934,Bengaluru Urban,2019,CHEATING
SYN-C-00935,Belagavi,2022,MURDER
SYN-C-00936,Tumakuru,2023,ROBBERY
SYN-C-00937,Bengaluru Urban,2022,THEFT
SYN-C-00938,Belagavi,2022,THEFT
SYN-C-00939,Bengaluru Urban,2022,THEFT
SYN-C-00940,Bengaluru Urban,2022,ROBBERY
SYN-C-00941,Bengaluru Urban,2021,THEFT
SYN-C-00942,Tumakuru,2020,ROBBERY
SYN-C-00943,Tumakuru,2020,BURGLARY - NIGHT
SYN-C-00944,Bengaluru Urban,2019,ROBBERY
SYN-C-00945,Bengaluru Urban,2019,THEFT
SYN-C-00946,Bengaluru Urban,2021,THEFT
SYN-C-00947,Kalaburagi,2023,MURDER
SYN-C-00948,Bengaluru Urban,2023,CHEATING
SYN-C-00949,Bengaluru Urban,2023,THEFT
SYN-C-00950,Bengaluru Urban,2022,THEFT
SYN-C-00951,Bengaluru Urban,2019,THEFT
SYN-C-00952,Kalaburagi,2022,BURGLARY - NIGHT
SYN-C-00953,Belagavi,2020,BURGLARY - NIGHT
SYN-C-00954,Bengaluru Urban,2023,THEFT
SYN-C-00955,Bengaluru Urban,2019,THEFT
SYN-C-00956,Bengaluru Urban,2022,CHEATING
SYN-C-00957,Tumakuru,2022,ROBBERY
SYN-C-00958,Bengaluru Urban,2022,THEFT
SYN-C-00959,Belagavi,2023,BURGLARY - NIGHT
SYN-C-00960,Bengaluru Urban,2021,THEFT
SYN-C-00961,Bengaluru Urban,2023,ROBBERY
SYN-C-00962,Belagavi,2023,BURGLARY - NIGHT
SYN-C-00963,Bengaluru Urban,2020,CHEATING
SYN-C-00964,Belagavi,2020,THEFT
SYN-C-00965,Bengaluru Urban,2022,THEFT
SYN-C-00966,Bengaluru Urban,2021,THEFT
SYN-C-00967,Bengaluru Urban,2022,ROBBERY
SYN-C-00968,Bengaluru Urban,2020,THEFT
SYN-C-00969,Bengaluru Urban,2023,ROBBERY
SYN-C-00970,Bengaluru Urban,2019,THEFT
SYN-C-00971,Mysuru,2022,ROBBERY
SYN-C-00972,Tumakuru,2021,CHEATING
SYN-C-00973,Bengaluru Urban,2022,DACOITY
SYN-C-00974,Bengaluru Urban,2022,CHEATING
SYN-C-00975,Mysuru,2019,THEFT
SYN-C-00976,Bengaluru Urban,2020,THEFT
SYN-C-00977,Kalaburagi,2020,THEFT
SYN-C-00978,Bengaluru Urban,2020,THEFT
SYN-C-00979,Bengaluru Urban,2023,THEFT
SYN-C-00980,Bengaluru Urban,2021,BURGLARY - NIGHT
SYN-C-00981,Bengaluru Urban,2023,BURGLARY - NIGHT
SYN-C-00982,Mysuru,2023,ROBBERY
SYN-C-00983,Belagavi,2022,THEFT
SYN-C-00984,Kalaburagi,2021,CHEATING
SYN-C-00985,Bengaluru Urban,2022,THEFT
SYN-C-00986,Bengaluru Urban,2021,THEFT
SYN-C-00987,Bengaluru Urban,2021,CHEATING
SYN-C-00988,Belagavi,2023,THEFT
SYN-C-00989,Bengaluru Urban,2020,MURDER
SYN-C-00990,Bengaluru Urban,2023,CHEATING
SYN-C-00991,Bengaluru Urban,2019,CHEATING
SYN-C-00992,Bengaluru Urban,2023,THEFT
SYN-C-00993,Tumakuru,2021,ROBBERY
SYN-C-00994,Tumakuru,2022,THEFT
SYN-C-00995,Mysuru,2021,THEFT
SYN-C-00996,Kalaburagi,2021,BURGLARY - NIGHT
SYN-C-00997,Bengaluru Urban,2019,THEFT
SYN-C-00998,Tumakuru,2022,BURGLARY - NIGHT
SYN-C-00999,Bengaluru Urban,2019,THEFT
SYN-C-01000,Mysuru,2020,MURDER
SYN-C-01001,Mysuru,2021,BURGLARY - NIGHT
SYN-C-01002,Bengaluru Urban,2023,CHEATING
SYN-C-01003,Bengaluru Urban,2022,THEFT
SYN-C-01004,Bengaluru Urban,2019,THEFT
SYN-C-01005,Bengaluru Urban,2022,THEFT
SYN-C-01006,Bengaluru Urban,2020,THEFT
SYN-C-01007,Bengaluru Urban,2019,ROBBERY
SYN-C-01008,Bengaluru Urban,2019,ROBBERY
SYN-C-01009,Kalaburagi,2020,THEFT
SYN-C-01010,Mysuru,2023,CHEATING
SYN-C-01011,Bengaluru Urban,2019,THEFT
SYN-C-01012,Belagavi,2020,BURGLARY - NIGHT
SYN-C-01013,Bengaluru Urban,2020,ROBBERY
SYN-C-01014,Bengaluru Urban,2019,THEFT
SYN-C-01015,Bengaluru Urban,2019,THEFT
SYN-C-01016,Bengaluru Urban,2022,THEFT
SYN-C-01017,Bengaluru Urban,2021,THEFT
SYN-C-01018,Bengaluru Urban,2021,THEFT
SYN-C-01019,Bengaluru Urban,2019,THEFT
SYN-C-01020,Bengaluru Urban,2023,THEFT
SYN-C-01021,Bengaluru Urban,2020,THEFT
SYN-C-01022,Bengaluru Urban,2021,THEFT
SYN-C-01023,Bengaluru Urban,2022,CHEATING
SYN-C-01024,Mysuru,2022,MURDER
SYN-C-01025,Bengaluru Urban,2020,CHEATING
SYN-C-01026,Bengaluru Urban,2023,THEFT
SYN-C-01027,Bengaluru Urban,2020,THEFT
SYN-C-01028,Mysuru,2021,THEFT
SYN-C-01029,Bengaluru Urban,2021,THEFT
SYN-C-01030,Bengaluru Urban,2022,THEFT
SYN-C-01031,Mysuru,2020,THEFT
SYN-C-01032,Bengaluru Urban,2023,THEFT
SYN-C-01033,Bengaluru Urban,2019,CHEATING
SYN-C-01034,Bengaluru Urban,2019,THEFT
SYN-C-01035,Tumakuru,2023,THEFT
SYN-C-01036,Belagavi,2021,CHEATING
SYN-C-01037,Bengaluru Urban,2020,THEFT
SYN-C-01038,Tumakuru,2021,CHEATING
SYN-C-01039,Belagavi,2020,CHEATING
SYN-C-01040,Bengaluru Urban,2019,THEFT
SYN-C-01041,Bengaluru Urban,2019,THEFT
SYN-C-01042,Bengaluru Urban,2019,CHEATING
SYN-C-01043,Bengaluru Urban,2022,CHEATING
SYN-C-01044,Bengaluru Urban,2022,THEFT
SYN-C-01045,Bengaluru Urban,2020,THEFT
SYN-C-01046,Bengaluru Urban,2019,CHEATING
SYN-C-01047,Kalaburagi,2021,THEFT
SYN-C-01048,Kalaburagi,2020,THEFT
SYN-C-01049,Bengaluru Urban,2022,THEFT
SYN-C-01050,Bengaluru Urban,2019,THEFT
SYN-C-01051,Bengaluru Urban,2022,THEFT
SYN-C-01052,Bengaluru Urban,2023,CHEATING
SYN-C-01053,Bengaluru Urban,2021,THEFT
SYN-C-01054,Mysuru,2020,BURGLARY - NIGHT
SYN-C-01055,Bengaluru Urban,2021,THEFT
SYN-C-01056,Bengaluru Urban,2022,THEFT
SYN-C-01057,Bengaluru Urban,2019,CHEATING
SYN-C-01058,Bengaluru Urban,2022,THEFT
SYN-C-01059,Bengaluru Urban,2023,THEFT
SYN-C-01060,Bengaluru Urban,2023,THEFT
SYN-C-01061,Bengaluru Urban,2020,DACOITY
SYN-C-01062,Tumakuru,2023,THEFT
SYN-C-01063,Bengaluru Urban,2023,THEFT
SYN-C-01064,Bengaluru Urban,2021,THEFT
SYN-C-01065,Bengaluru Urban,2021,THEFT
SYN-C-01066,Bengaluru Urban,2023,THEFT
SYN-C-01067,Bengaluru Urban,2019,THEFT
SYN-C-01068,Bengaluru Urban,2023,CHEATING
SYN-C-01069,Bengaluru Urban,2023,THEFT
SYN-C-01070,Bengaluru Urban,2022,THEFT
SYN-C-01071,Mysuru,2020,THEFT
SYN-C-01072,Bengaluru Urban,2022,CHEATING
SYN-C-01073,Bengaluru Urban,2022,CHEATING
SYN-C-01074,Bengaluru Urban,2020,THEFT
SYN-C-01075,Mysuru,2023,BURGLARY - NIGHT
SYN-C-01076,Bengaluru Urban,2020,THEFT
SYN-C-01077,Bengaluru Urban,2023,THEFT
SYN-C-01078,Bengaluru Urban,2021,THEFT
SYN-C-01079,Mysuru,2023,THEFT
SYN-C-01080,Tumakuru,2020,BURGLARY - NIGHT
SYN-C-01081,Belagavi,2021,MURDER
SYN-C-01082,Tumakuru,2023,THEFT
SYN-C-01083,Bengaluru Urban,2023,BURGLARY - NIGHT
SYN-C-01084,Belagavi,2023,THEFT
SYN-C-01085,Bengaluru Urban,2022,MURDER
SYN-C-01086,Belagavi,2022,THEFT
SYN-C-01087,Bengaluru Urban,2022,THEFT
SYN-C-01088,Bengaluru Urban,2019,THEFT
SYN-C-01089,Bengaluru Urban,2021,DACOITY
SYN-C-01090,Bengaluru Urban,2020,THEFT
SYN-C-01091,Bengaluru Urban,2023,BURGLARY - NIGHT
SYN-C-01092,Kalaburagi,2022,THEFT
SYN-C-01093,Tumakuru,2019,BURGLARY - NIGHT
SYN-C-01094,Bengaluru Urban,2020,THEFT
SYN-C-01095,Bengaluru Urban,2022,THEFT
SYN-C-01096,Belagavi,2019,MURDER
SYN-C-01097,Bengaluru Urban,2021,ROBBERY
SYN-C-01098,Tumakuru,2021,MURDER
SYN-C-01099,Bengaluru Urban,2019,DACOITY
SYN-C-01100,Mysuru,2020,ROBBERY
SYN-C-01101,Bengaluru Urban,2023,ROBBERY
SYN-C-01102,Bengaluru Urban,2020,THEFT
SYN-C-01103,Bengaluru Urban,2023,THEFT
SYN-C-01104,Bengaluru Urban,2020,THEFT
SYN-C-01105,Mysuru,2021,THEFT
SYN-C-01106,Bengaluru Urban,2019,BURGLARY - NIGHT
SYN-C-01107,Bengaluru Urban,2019,DACOITY
SYN-C-01108,Bengaluru Urban,2023,THEFT
SYN-C-01109,Bengaluru Urban,2021,THEFT
SYN-C-01110,Bengaluru Urban,2019,THEFT
SYN-C-01111,Bengaluru Urban,2022,THEFT
SYN-C-01112,Bengaluru Urban,2020,THEFT
SYN-C-01113,Bengaluru Urban,2022,THEFT
SYN-C-01114,Bengaluru Urban,2023,THEFT
SYN-C-01115,Mysuru,2019,THEFT
SYN-C-01116,Belagavi,2023,BURGLARY - NIGHT
SYN-C-01117,Bengaluru Urban,2022,THEFT
SYN-C-01118,Tumakuru,2023,BURGLARY - NIGHT
SYN-C-01119,Bengaluru Urban,2022,CHEATING
SYN-C-01120,Bengaluru Urban,2023,THEFT
SYN-C-01121,Bengaluru Urban,2019,CHEATING
SYN-C-01122,Mysuru,2020,THEFT
SYN-C-01123,Bengaluru Urban,2022,THEFT
SYN-C-01124,Mysuru,2021,THEFT
SYN-C-01125,Kalaburagi,2019,BURGLARY - NIGHT
SYN-C-01126,Mysuru,2020,ROBBERY
SYN-C-01127,Belagavi,2023,BURGLARY - NIGHT
SYN-C-01128,Bengaluru Urban,2023,THEFT
SYN-C-01129,Bengaluru Urban,2019,THEFT
SYN-C-01130,Bengaluru Urban,2020,ROBBERY
SYN-C-01131,Bengaluru Urban,2020,THEFT
SYN-C-01132,Bengaluru Urban,2022,THEFT
SYN-C-01133,Bengaluru Urban,2023,CHEATING
SYN-C-01134,Mysuru,2023,THEFT
SYN-C-01135,Belagavi,2019,THEFT
SYN-C-01136,Bengaluru Urban,2019,THEFT
SYN-C-01137,Bengaluru Urban,2021,CHEATING
SYN-C-01138,Kalaburagi,2022,BURGLARY - NIGHT
SYN-C-01139,Bengaluru Urban,2022,THEFT
SYN-C-01140,Bengaluru Urban,2022,THEFT
SYN-C-01141,Bengaluru Urban,2023,THEFT
SYN-C-01142,Bengaluru Urban,2023,ROBBERY
SYN-C-01143,Bengaluru Urban,2020,THEFT
SYN-C-01144,Bengaluru Urban,2019,CHEATING
SYN-C-01145,Bengaluru Urban,2022,CHEATING
SYN-C-01146,Mysuru,2021,BURGLARY - NIGHT
SYN-C-01147,Bengaluru Urban,2023,BURGLARY - NIGHT
SYN-C-01148,Belagavi,2022,THEFT
SYN-C-01149,Bengaluru Urban,2021,THEFT
SYN-C-01150,Bengaluru Urban,2021,THEFT
SYN-C-01151,Bengaluru Urban,2022,THEFT
SYN-C-01152,Bengaluru Urban,2022,THEFT
SYN-C-01153,Tumakuru,2020,ROBBERY
SYN-C-01154,Bengaluru Urban,2021,CHEATING
SYN-C-01155,Bengaluru Urban,2021,THEFT
SYN-C-01156,Bengaluru Urban,2023,CHEATING
SYN-C-01157,Mysuru,2021,ROBBERY
SYN-C-01158,Bengaluru Urban,2023,THEFT
SYN-C-01159,Bengaluru Urban,2022,CHEATING
SYN-C-01160,Kalaburagi,2021,THEFT
SYN-C-01161,Bengaluru Urban,2022,CHEATING
SYN-C-01162,Tumakuru,2021,THEFT
SYN-C-01163,Bengaluru Urban,2020,THEFT
SYN-C-01164,Bengaluru Urban,2019,ROBBERY
SYN-C-01165,Kalaburagi,2023,BURGLARY - NIGHT
SYN-C-01166,Bengaluru Urban,2020,THEFT
SYN-C-01167,Mysuru,2019,BURGLARY - NIGHT
SYN-C-01168,Bengaluru Urban,2023,CHEATING
SYN-C-01169,Bengaluru Urban,2022,THEFT
SYN-C-01170,Bengaluru Urban,2019,CHEATING
SYN-C-01171,Bengaluru Urban,2023,THEFT
SYN-C-01172,Belagavi,2023,THEFT
SYN-C-01173,Tumakuru,2021,THEFT
SYN-C-01174,Mysuru,2020,THEFT
SYN-C-01175,Bengaluru Urban,2020,THEFT
SYN-C-01176,Bengaluru Urban,2019,ROBBERY
SYN-C-01177,Mysuru,2021,ROBBERY
SYN-C-01178,Bengaluru Urban,2022,CHEATING
SYN-C-01179,Bengaluru Urban,2019,ROBBERY
SYN-C-01180,Bengaluru Urban,2022,ROBBERY
SYN-C-01181,Bengaluru Urban,2020,CHEATING
SYN-C-01182,Bengaluru Urban,2021,THEFT
SYN-C-01183,Bengaluru Urban,2023,CHEATING
SYN-C-01184,Mysuru,2022,THEFT
SYN-C-01185,Kalaburagi,2020,THEFT
SYN-C-01186,Bengaluru Urban,2019,THEFT
SYN-C-01187,Bengaluru Urban,2022,CHEATING
SYN-C-01188,Bengaluru Urban,2022,CHEATING
SYN-C-01189,Tumakuru,2023,MURDER
SYN-C-01190,Bengaluru Urban,2019,CHEATING
SYN-C-01191,Bengaluru Urban,2022,THEFT
SYN-C-01192,Mysuru,2022,THEFT
SYN-C-01193,Bengaluru Urban,2021,THEFT
SYN-C-01194,Bengaluru Urban,2020,ROBBERY
SYN-C-01195,Bengaluru Urban,2022,THEFT
SYN-C-01196,Bengaluru Urban,2020,THEFT
SYN-C-01197,Mysuru,2023,THEFT
SYN-C-01198,Bengaluru Urban,2019,BURGLARY - NIGHT
SYN-C-01199,Bengaluru Urban,2019,THEFT
SYN-C-01200,Bengaluru Urban,2019,BURGLARY - NIGHT
SYN-C-01201,Bengaluru Urban,2023,THEFT
SYN-C-01202,Bengaluru Urban,2020,THEFT
SYN-C-01203,Mysuru,2022,BURGLARY - NIGHT
SYN-C-01204,Mysuru,2021,THEFT
SYN-C-01205,Tumakuru,2019,BURGLARY - NIGHT
SYN-C-01206,Bengaluru Urban,2020,DACOITY
SYN-C-01207,Belagavi,2019,BURGLARY - NIGHT
SYN-C-01208,Bengaluru Urban,2021,THEFT
SYN-C-01209,Tumakuru,2021,ROBBERY
SYN-C-01210,Bengaluru Urban,2023,THEFT
SYN-C-01211,Belagavi,2023,BURGLARY - NIGHT
SYN-C-01212,Bengaluru Urban,2023,THEFT
SYN-C-01213,Mysuru,2022,THEFT
SYN-C-01214,Tumakuru,2021,THEFT
SYN-C-01215,Bengaluru Urban,2023,THEFT
SYN-C-01216,Mysuru,2020,BURGLARY - NIGHT
SYN-C-01217,Kalaburagi,2023,THEFT
SYN-C-01218,Bengaluru Urban,2021,CHEATING
SYN-C-01219,Bengaluru Urban,2019,CHEATING
SYN-C-01220,Bengaluru Urban,2023,THEFT
SYN-C-01221,Bengaluru Urban,2019,THEFT
SYN-C-01222,Bengaluru Urban,2021,THEFT
SYN-C-01223,Tumakuru,2023,THEFT
SYN-C-01224,Bengaluru Urban,2022,THEFT
SYN-C-01225,Bengaluru Urban,2022,THEFT
SYN-C-01226,Tumakuru,2020,BURGLARY - NIGHT
SYN-C-01227,Bengaluru Urban,2020,THEFT
SYN-C-01228,Tumakuru,2023,THEFT
SYN-C-01229,Mysuru,2022,THEFT
SYN-C-01230,Bengaluru Urban,2021,CHEATING
SYN-C-01231,Bengaluru Urban,2020,THEFT
SYN-C-01232,Bengaluru Urban,2019,ROBBERY
SYN-C-01233,Mysuru,2022,THEFT
SYN-C-01234,Bengaluru Urban,2019,THEFT
SYN-C-01235,Belagavi,2019,THEFT
SYN-C-01236,Mysuru,2021,THEFT
SYN-C-01237,Bengaluru Urban,2023,BURGLARY - NIGHT
SYN-C-01238,Bengaluru Urban,2023,THEFT
SYN-C-01239,Bengaluru Urban,2023,THEFT
SYN-C-01240,Belagavi,2022,CHEATING
SYN-C-01241,Bengaluru Urban,2019,CHEATING
SYN-C-01242,Bengaluru Urban,2022,ROBBERY
SYN-C-01243,Belagavi,2022,THEFT
SYN-C-01244,Bengaluru Urban,2022,ROBBERY
SYN-C-01245,Bengaluru Urban,2023,THEFT
SYN-C-01246,Bengaluru Urban,2023,ROBBERY
SYN-C-01247,Bengaluru Urban,2023,CHEATING
SYN-C-01248,Belagavi,2022,MURDER
SYN-C-01249,Bengaluru Urban,2020,CHEATING
SYN-C-01250,Mysuru,2021,THEFT
SYN-C-01251,Bengaluru Urban,2019,ROBBERY
SYN-C-01252,Bengaluru Urban,2022,THEFT
SYN-C-01253,Belagavi,2022,THEFT
SYN-C-01254,Tumakuru,2019,CHEATING
SYN-C-01255,Bengaluru Urban,2019,THEFT
SYN-C-01256,Bengaluru Urban,2021,THEFT
SYN-C-01257,Bengaluru Urban,2022,THEFT
SYN-C-01258,Bengaluru Urban,2023,THEFT
SYN-C-01259,Tumakuru,2019,BURGLARY - NIGHT
SYN-C-01260,Bengaluru Urban,2023,THEFT
SYN-C-01261,Bengaluru Urban,2021,CHEATING
SYN-C-01262,Bengaluru Urban,2019,BURGLARY - NIGHT
SYN-C-01263,Bengaluru Urban,2023,THEFT
SYN-C-01264,Tumakuru,2022,CHEATING
SYN-C-01265,Belagavi,2020,MURDER
SYN-C-01266,Bengaluru Urban,2023,THEFT
SYN-C-01267,Bengaluru Urban,2019,THEFT
SYN-C-01268,Bengaluru Urban,2022,CHEATING
SYN-C-01269,Bengaluru Urban,2022,THEFT
SYN-C-01270,Bengaluru Urban,2023,CHEATING
SYN-C-01271,Tumakuru,2023,MURDER
SYN-C-01272,Bengaluru Urban,2023,THEFT
SYN-C-01273,Bengaluru Urban,2021,THEFT
SYN-C-01274,Bengaluru Urban,2023,THEFT
SYN-C-01275,Bengaluru Urban,2022,CHEATING
SYN-C-01276,Bengaluru Urban,2021,THEFT
SYN-C-01277,Bengaluru Urban,2021,CHEATING
SYN-C-01278,Bengaluru Urban,2022,DACOITY
SYN-C-01279,Bengaluru Urban,2020,THEFT
SYN-C-01280,Bengaluru Urban,2020,CHEATING
SYN-C-01281,Bengaluru Urban,2019,THEFT
SYN-C-01282,Bengaluru Urban,2021,THEFT
SYN-C-01283,Bengaluru Urban,2020,THEFT
SYN-C-01284,Kalaburagi,2023,THEFT
SYN-C-01285,Mysuru,2019,CHEATING
SYN-C-01286,Bengaluru Urban,2021,CHEATING
SYN-C-01287,Bengaluru Urban,2023,CHEATING
SYN-C-01288,Mysuru,2022,CHEATING
SYN-C-01289,Bengaluru Urban,2021,CHEATING
SYN-C-01290,Bengaluru Urban,2022,THEFT
SYN-C-01291,Bengaluru Urban,2021,THEFT
SYN-C-01292,Bengaluru Urban,2023,MURDER
SYN-C-01293,Tumakuru,2021,CHEATING
SYN-C-01294,Bengaluru Urban,2019,THEFT
SYN-C-01295,Tumakuru,2021,THEFT
SYN-C-01296,Bengaluru Urban,2023,THEFT
SYN-C-01297,Kalaburagi,2019,THEFT
SYN-C-01298,Bengaluru Urban,2023,CHEATING
SYN-C-01299,Mysuru,2020,ROBBERY
SYN-C-01300,Bengaluru Urban,2020,THEFT
SYN-C-01301,Bengaluru Urban,2023,THEFT
SYN-C-01302,Bengaluru Urban,2020,ROBBERY
SYN-C-01303,Bengaluru Urban,2022,THEFT
SYN-C-01304,Bengaluru Urban,2023,THEFT
SYN-C-01305,Bengaluru Urban,2019,THEFT
SYN-C-01306,Belagavi,2023,CHEATING
SYN-C-01307,Kalaburagi,2019,ROBBERY
SYN-C-01308,Kalaburagi,2021,ROBBERY
SYN-C-01309,Bengaluru Urban,2023,THEFT
SYN-C-01310,Bengaluru Urban,2020,THEFT
SYN-C-01311,Bengaluru Urban,2023,ROBBERY
SYN-C-01312,Bengaluru Urban,2019,BURGLARY - NIGHT
SYN-C-01313,Bengaluru Urban,2023,THEFT
SYN-C-01314,Bengaluru Urban,2022,THEFT
SYN-C-01315,Bengaluru Urban,2023,CHEATING
SYN-C-01316,Bengaluru Urban,2021,THEFT
SYN-C-01317,Bengaluru Urban,2020,BURGLARY - NIGHT
SYN-C-01318,Bengaluru Urban,2023,THEFT
SYN-C-01319,Bengaluru Urban,2022,CHEATING
SYN-C-01320,Bengaluru Urban,2023,THEFT
SYN-C-01321,Bengaluru Urban,2021,CHEATING
SYN-C-01322,Bengaluru Urban,2019,CHEATING
SYN-C-01323,Bengaluru Urban,2022,THEFT
SYN-C-01324,Bengaluru Urban,2023,CHEATING
SYN-C-01325,Mysuru,2023,BURGLARY - NIGHT
SYN-C-01326,Mysuru,2021,THEFT
SYN-C-01327,Belagavi,2023,BURGLARY - NIGHT
SYN-C-01328,Bengaluru Urban,2023,THEFT
SYN-C-01329,Bengaluru Urban,2020,ROBBERY
SYN-C-01330,Bengaluru Urban,2023,THEFT
SYN-C-01331,Bengaluru Urban,2021,THEFT
SYN-C-01332,Bengaluru Urban,2020,THEFT
SYN-C-01333,Bengaluru Urban,2022,CHEATING
SYN-C-01334,Bengaluru Urban,2022,THEFT
SYN-C-01335,Bengaluru Urban,2023,THEFT
SYN-C-01336,Bengaluru Urban,2023,CHEATING
SYN-C-01337,Bengaluru Urban,2023,THEFT
SYN-C-01338,Bengaluru Urban,2021,THEFT
SYN-C-01339,Bengaluru Urban,2023,THEFT
SYN-C-01340,Bengaluru Urban,2021,CHEATING
SYN-C-01341,Bengaluru Urban,2023,CHEATING
SYN-C-01342,Bengaluru Urban,2022,CHEATING
SYN-C-01343,Bengaluru Urban,2022,THEFT
SYN-C-01344,Belagavi,2020,MURDER
SYN-C-01345,Bengaluru Urban,2022,ROBBERY
SYN-C-01346,Bengaluru Urban,2019,THEFT
SYN-C-01347,Bengaluru Urban,2021,THEFT
SYN-C-01348,Belagavi,2023,THEFT
SYN-C-01349,Bengaluru Urban,2023,ROBBERY
SYN-C-01350,Mysuru,2021,THEFT
SYN-C-01351,Bengaluru Urban,2021,CHEATING
SYN-C-01352,Bengaluru Urban,2019,CHEATING
SYN-C-01353,Bengaluru Urban,2023,CHEATING
SYN-C-01354,Bengaluru Urban,2019,ROBBERY
SYN-C-01355,Mysuru,2021,THEFT
SYN-C-01356,Bengaluru Urban,2019,MURDER
SYN-C-01357,Bengaluru Urban,2021,CHEATING
SYN-C-01358,Bengaluru Urban,2022,DACOITY
SYN-C-01359,Bengaluru Urban,2019,DACOITY
SYN-C-01360,Bengaluru Urban,2020,THEFT
SYN-C-01361,Bengaluru Urban,2020,THEFT
SYN-C-01362,Bengaluru Urban,2023,THEFT
SYN-C-01363,Tumakuru,2023,CHEATING
SYN-C-01364,Bengaluru Urban,2021,CHEATING
SYN-C-01365,Kalaburagi,2019,ROBBERY
SYN-C-01366,Bengaluru Urban,2019,THEFT
SYN-C-01367,Bengaluru Urban,2022,THEFT
SYN-C-01368,Bengaluru Urban,2021,THEFT
SYN-C-01369,Bengaluru Urban,2020,THEFT
SYN-C-01370,Kalaburagi,2022,THEFT
SYN-C-01371,Bengaluru Urban,2023,THEFT
SYN-C-01372,Bengaluru Urban,2019,THEFT
SYN-C-01373,Bengaluru Urban,2020,THEFT
SYN-C-01374,Kalaburagi,2022,CHEATING
SYN-C-01375,Tumakuru,2023,THEFT
SYN-C-01376,Bengaluru Urban,2023,CHEATING
SYN-C-01377,Mysuru,2020,THEFT
SYN-C-01378,Tumakuru,2023,BURGLARY - NIGHT
SYN-C-01379,Bengaluru Urban,2023,THEFT
SYN-C-01380,Bengaluru Urban,2023,CHEATING
SYN-C-01381,Bengaluru Urban,2019,THEFT
SYN-C-01382,Bengaluru Urban,2021,MURDER
SYN-C-01383,Bengaluru Urban,2023,CHEATING
SYN-C-01384,Mysuru,2023,THEFT
SYN-C-01385,Bengaluru Urban,2020,THEFT
SYN-C-01386,Bengaluru Urban,2021,THEFT
SYN-C-01387,Belagavi,2020,THEFT
SYN-C-01388,Bengaluru Urban,2023,THEFT
SYN-C-01389,Bengaluru Urban,2021,THEFT
SYN-C-01390,Kalaburagi,2020,BURGLARY - NIGHT
SYN-C-01391,Bengaluru Urban,2020,CHEATING
SYN-C-01392,Bengaluru Urban,2023,ROBBERY
SYN-C-01393,Bengaluru Urban,2023,THEFT
SYN-C-01394,Bengaluru Urban,2022,CHEATING
SYN-C-01395,Bengaluru Urban,2019,THEFT
SYN-C-01396,Bengaluru Urban,2021,THEFT
SYN-C-01397,Bengaluru Urban,2023,THEFT
SYN-C-01398,Bengaluru Urban,2019,THEFT
SYN-C-01399,Bengaluru Urban,2019,CHEATING
SYN-C-01400,Bengaluru Urban,2022,CHEATING
SYN-C-01401,Bengaluru Urban,2020,CHEATING
SYN-C-01402,Kalaburagi,2020,THEFT
SYN-C-01403,Kalaburagi,2022,BURGLARY - NIGHT
SYN-C-01404,Tumakuru,2019,THEFT
SYN-C-01405,Kalaburagi,2023,THEFT
SYN-C-01406,Bengaluru Urban,2023,DACOITY
SYN-C-01407,Bengaluru Urban,2019,THEFT
SYN-C-01408,Kalaburagi,2022,THEFT
SYN-C-01409,Bengaluru Urban,2023,THEFT
SYN-C-01410,Bengaluru Urban,2023,THEFT
SYN-C-01411,Bengaluru Urban,2023,THEFT
SYN-C-01412,Kalaburagi,2023,BURGLARY - NIGHT
SYN-C-01413,Bengaluru Urban,2020,THEFT
SYN-C-01414,Bengaluru Urban,2023,THEFT
SYN-C-01415,Bengaluru Urban,2022,THEFT
SYN-C-01416,Bengaluru Urban,2021,BURGLARY - NIGHT
SYN-C-01417,Bengaluru Urban,2020,THEFT
SYN-C-01418,Bengaluru Urban,2019,THEFT
SYN-C-01419,Bengaluru Urban,2022,CHEATING
SYN-C-01420,Bengaluru Urban,2021,DACOITY
SYN-C-01421,Bengaluru Urban,2021,THEFT
SYN-C-01422,Mysuru,2019,ROBBERY
SYN-C-01423,Bengaluru Urban,2023,THEFT
SYN-C-01424,Bengaluru Urban,2023,THEFT
SYN-C-01425,Tumakuru,2023,BURGLARY - NIGHT
SYN-C-01426,Bengaluru Urban,2019,THEFT
SYN-C-01427,Bengaluru Urban,2022,THEFT
SYN-C-01428,Bengaluru Urban,2019,CHEATING
SYN-C-01429,Bengaluru Urban,2021,THEFT
SYN-C-01430,Tumakuru,2020,CHEATING
SYN-C-01431,Bengaluru Urban,2019,CHEATING
SYN-C-01432,Bengaluru Urban,2023,THEFT
SYN-C-01433,Mysuru,2020,BURGLARY - NIGHT
SYN-C-01434,Bengaluru Urban,2022,THEFT
SYN-C-01435,Kalaburagi,2020,BURGLARY - NIGHT
SYN-C-01436,Bengaluru Urban,2021,THEFT
SYN-C-01437,Bengaluru Urban,2021,CHEATING
SYN-C-01438,Bengaluru Urban,2022,THEFT
SYN-C-01439,Bengaluru Urban,2019,THEFT
SYN-C-01440,Bengaluru Urban,2020,THEFT
SYN-C-01441,Bengaluru Urban,2020,THEFT
SYN-C-01442,Tumakuru,2023,CHEATING
SYN-C-01443,Bengaluru Urban,2021,BURGLARY - NIGHT
SYN-C-01444,Bengaluru Urban,2020,BURGLARY - NIGHT
SYN-C-01445,Tumakuru,2019,CHEATING
SYN-C-01446,Bengaluru Urban,2019,THEFT
SYN-C-01447,Tumakuru,2021,THEFT
SYN-C-01448,Mysuru,2019,THEFT
SYN-C-01449,Bengaluru Urban,2023,CHEATING
SYN-C-01450,Bengaluru Urban,2021,THEFT
SYN-C-01451,Bengaluru Urban,2019,THEFT
SYN-C-01452,Bengaluru Urban,2019,CHEATING
SYN-C-01453,Bengaluru Urban,2019,CHEATING
SYN-C-01454,Bengaluru Urban,2021,CHEATING
SYN-C-01455,Bengaluru Urban,2021,THEFT
SYN-C-01456,Mysuru,2023,CHEATING
SYN-C-01457,Bengaluru Urban,2022,THEFT
SYN-C-01458,Tumakuru,2023,THEFT
SYN-C-01459,Bengaluru Urban,2023,THEFT
SYN-C-01460,Bengaluru Urban,2019,THEFT
SYN-C-01461,Bengaluru Urban,2022,THEFT
SYN-C-01462,Bengaluru Urban,2019,THEFT
SYN-C-01463,Belagavi,2021,THEFT
SYN-C-01464,Tumakuru,2019,THEFT
SYN-C-01465,Bengaluru Urban,2021,BURGLARY - NIGHT
SYN-C-01466,Bengaluru Urban,2019,THEFT
SYN-C-01467,Bengaluru Urban,2019,CHEATING
SYN-C-01468,Bengaluru Urban,2023,ROBBERY
SYN-C-01469,Bengaluru Urban,2022,CHEATING
SYN-C-01470,Belagavi,2019,THEFT
SYN-C-01471,Bengaluru Urban,2023,THEFT
SYN-C-01472,Bengaluru Urban,2020,DACOITY
SYN-C-01473,Bengaluru Urban,2023,THEFT
SYN-C-01474,Bengaluru Urban,2022,CHEATING
SYN-C-01475,Bengaluru Urban,2022,THEFT
SYN-C-01476,Bengaluru Urban,2022,BURGLARY - NIGHT
SYN-C-01477,Bengaluru Urban,2023,THEFT
SYN-C-01478,Tumakuru,2023,ROBBERY
SYN-C-01479,Kalaburagi,2020,BURGLARY - NIGHT
SYN-C-01480,Belagavi,2023,THEFT
SYN-C-01481,Bengaluru Urban,2022,DACOITY
SYN-C-01482,Bengaluru Urban,2020,CHEATING
SYN-C-01483,Bengaluru Urban,2019,CHEATING
SYN-C-01484,Bengaluru Urban,2019,THEFT
SYN-C-01485,Bengaluru Urban,2020,CHEATING
SYN-C-01486,Tumakuru,2021,CHEATING
SYN-C-01487,Bengaluru Urban,2023,THEFT
SYN-C-01488,Mysuru,2019,THEFT
SYN-C-01489,Bengaluru Urban,2023,THEFT
SYN-C-01490,Bengaluru Urban,2020,THEFT
SYN-C-01491,Bengaluru Urban,2021,THEFT
SYN-C-01492,Bengaluru Urban,2021,THEFT
SYN-C-01493,Bengaluru Urban,2020,THEFT
SYN-C-01494,Bengaluru Urban,2021,THEFT
SYN-C-01495,Bengaluru Urban,2023,THEFT
SYN-C-01496,Bengaluru Urban,2019,BURGLARY - NIGHT
SYN-C-01497,Bengaluru Urban,2020,THEFT
SYN-C-01498,Bengaluru Urban,2022,CHEATING
SYN-C-01499,Bengaluru Urban,2023,THEFT
