rule_type,antecedent_type,antecedent,consequent_type,consequent,cases,support,confidence,lift,reading
co_occurrence,act,"EXPLOSIVE ACT, 1884",crime_head,EXPLOSIVES,528,0.000315,0.9362,1800.04,"In 94% of Explosive Act, 1884 cases, Explosives also appears (528 cases, 1800.0x more often than chance)."
co_occurrence,crime_head,EXPLOSIVES,act,"EXPLOSIVE ACT, 1884",528,0.000315,0.6062,1800.04,"In 61% of Explosives cases, Explosive Act, 1884 also appears (528 cases, 1800.0x more often than chance)."
co_occurrence,act,"COPYRIGHT ACT, 1957",crime_head,COPY RIGHT ACT 1957,1406,0.00084,0.9299,1106.84,"In 93% of Copyright Act, 1957 cases, Copy Right Act 1957 also appears (1,406 cases, 1106.8x more often than chance)."
co_occurrence,crime_head,COPY RIGHT ACT 1957,act,"COPYRIGHT ACT, 1957",1406,0.00084,0.9993,1106.84,"In 100% of Copy Right Act 1957 cases, Copyright Act, 1957 also appears (1,406 cases, 1106.8x more often than chance)."
co_occurrence,act,"REPRESENTATION OF PEOPLE ACT, 1951 & 1988",crime_head,REPRESENTATION OF PEOPLE ACT 1951 & 1988,525,0.000313,0.7447,977.38,"In 74% of Representation Of People Act, 1951 & 1988 cases, Representation Of People Act 1951 & 1988 also appears (525 cases, 977.4x more often than chance)."
co_occurrence,crime_head,REPRESENTATION OF PEOPLE ACT 1951 & 1988,act,"REPRESENTATION OF PEOPLE ACT, 1951 & 1988",525,0.000313,0.4114,977.38,"In 41% of Representation Of People Act 1951 & 1988 cases, Representation Of People Act, 1951 & 1988 also appears (525 cases, 977.4x more often than chance)."
co_occurrence,act,"REPRESENTATION OF PEOPLE ACT, 1950,1951,1989",crime_head,REPRESENTATION OF PEOPLE ACT 1951 & 1988,764,0.000456,0.6638,871.19,"In 66% of Representation Of People Act, 1950,1951,1989 cases, Representation Of People Act 1951 & 1988 also appears (764 cases, 871.2x more often than chance)."
co_occurrence,crime_head,REPRESENTATION OF PEOPLE ACT 1951 & 1988,act,"REPRESENTATION OF PEOPLE ACT, 1950,1951,1989",764,0.000456,0.5987,871.19,"In 60% of Representation Of People Act 1951 & 1988 cases, Representation Of People Act, 1950,1951,1989 also appears (764 cases, 871.2x more often than chance)."
co_occurrence,act,"IMMORAL TRAFFIC PREVENTION ACT, 1956",crime_head,IMMORAL TRAFFIC,2084,0.001244,0.9417,756.41,"In 94% of Immoral Traffic Prevention Act, 1956 cases, Immoral Traffic also appears (2,084 cases, 756.4x more often than chance)."
co_occurrence,crime_head,IMMORAL TRAFFIC,act,"IMMORAL TRAFFIC PREVENTION ACT, 1956",2084,0.001244,0.9995,756.41,"In 100% of Immoral Traffic cases, Immoral Traffic Prevention Act, 1956 also appears (2,084 cases, 756.4x more often than chance)."
co_occurrence,act,"PREVENTION OF DAMAGE TO PUBLIC PROPERTY ACT, 1984",crime_head,PREVENTION OF DAMAGE TO PUBLIC PROPERTY ACT 1984,563,0.000336,0.4767,656.01,"In 48% of Prevention Of Damage To Public Property Act, 1984 cases, Prevention Of Damage To Public Property Act 1984 also appears (563 cases, 656.0x more often than chance)."
co_occurrence,crime_head,PREVENTION OF DAMAGE TO PUBLIC PROPERTY ACT 1984,act,"PREVENTION OF DAMAGE TO PUBLIC PROPERTY ACT, 1984",563,0.000336,0.4626,656.01,"In 46% of Prevention Of Damage To Public Property Act 1984 cases, Prevention Of Damage To Public Property Act, 1984 also appears (563 cases, 656.0x more often than chance)."
co_occurrence,act,"COTPA, Cigarettes and Other Tobacco Products,Act 2003",crime_head,"COTPA, CIGARETTES AND OTHER TOBACCO PRODUCTS",2683,0.001602,0.9696,487.8,"In 97% of Cotpa, Cigarettes And Other Tobacco Products,Act 2003 cases, Cotpa, Cigarettes And Other Tobacco Products also appears (2,683 cases, 487.8x more often than chance)."
co_occurrence,crime_head,"COTPA, CIGARETTES AND OTHER TOBACCO PRODUCTS",act,"COTPA, Cigarettes and Other Tobacco Products,Act 2003",2683,0.001602,0.8059,487.8,"In 81% of Cotpa, Cigarettes And Other Tobacco Products cases, Cotpa, Cigarettes And Other Tobacco Products,Act 2003 also appears (2,683 cases, 487.8x more often than chance)."
co_occurrence,act,"Cigarettes and Other Tobacco Products (Prohibition of Advertisement and Regulation of Trade and Commerce, Production,Supply and Distribution) Rules - 2004",crime_head,"COTPA, CIGARETTES AND OTHER TOBACCO PRODUCTS",573,0.000342,0.944,474.9,"In 94% of Cigarettes And Other Tobacco Products (Prohibition Of Advertisement And Regulation Of Trade And Commerce, Production,Supply And Distribution) Rules - 2004 cases, Cotpa, Cigarettes And Other Tobacco Products also appears (573 cases, 474.9x more often than chance)."
co_occurrence,crime_head,"COTPA, CIGARETTES AND OTHER TOBACCO PRODUCTS",act,"Cigarettes and Other Tobacco Products (Prohibition of Advertisement and Regulation of Trade and Commerce, Production,Supply and Distribution) Rules - 2004",573,0.000342,0.1721,474.9,"In 17% of Cotpa, Cigarettes And Other Tobacco Products cases, Cigarettes And Other Tobacco Products (Prohibition Of Advertisement And Regulation Of Trade And Commerce, Production,Supply And Distribution) Rules - 2004 also appears (573 cases, 474.9x more often than chance)."
co_occurrence,act,"INDIAN ARMS ACT, 1959",crime_head,ARMS ACT 1959,578,0.000345,0.458,464.59,"In 46% of Indian Arms Act, 1959 cases, Arms Act 1959 also appears (578 cases, 464.6x more often than chance)."
co_occurrence,crime_head,ARMS ACT 1959,act,"INDIAN ARMS ACT, 1959",578,0.000345,0.3501,464.59,"In 35% of Arms Act 1959 cases, Indian Arms Act, 1959 also appears (578 cases, 464.6x more often than chance)."
co_occurrence,act,"ARMS ACT, 1959",crime_head,ARMS ACT 1959,1101,0.000657,0.4333,439.52,"In 43% of Arms Act, 1959 cases, Arms Act 1959 also appears (1,101 cases, 439.5x more often than chance)."
co_occurrence,crime_head,ARMS ACT 1959,act,"ARMS ACT, 1959",1101,0.000657,0.6669,439.52,"In 67% of Arms Act 1959 cases, Arms Act, 1959 also appears (1,101 cases, 439.5x more often than chance)."
co_occurrence,act,KARNATAKA ESSENTIAL COMMODITIES (PUBLIC DISTRIBUTION SYSTEM) PUBLIC CONTROL ORDER 2016,crime_head,CONSUMER,568,0.000339,0.9643,434.5,"In 96% of Karnataka Essential Commodities (Public Distribution System) Public Control Order 2016 cases, Consumer also appears (568 cases, 434.5x more often than chance)."
co_occurrence,crime_head,CONSUMER,act,KARNATAKA ESSENTIAL COMMODITIES (PUBLIC DISTRIBUTION SYSTEM) PUBLIC CONTROL ORDER 2016,568,0.000339,0.1528,434.5,"In 15% of Consumer cases, Karnataka Essential Commodities (Public Distribution System) Public Control Order 2016 also appears (568 cases, 434.5x more often than chance)."
co_occurrence,act,"ESSENTIAL COMMODITIES ACT, 1955",crime_head,CONSUMER,3316,0.00198,0.9407,423.85,"In 94% of Essential Commodities Act, 1955 cases, Consumer also appears (3,316 cases, 423.8x more often than chance)."
co_occurrence,crime_head,CONSUMER,act,"ESSENTIAL COMMODITIES ACT, 1955",3316,0.00198,0.8921,423.85,"In 89% of Consumer cases, Essential Commodities Act, 1955 also appears (3,316 cases, 423.8x more often than chance)."
co_occurrence,act,"PREVENTION OF CRUELTY TO ANIMALS ACT, 1960",crime_head,ANIMAL,1594,0.000952,0.434,346.75,"In 43% of Prevention Of Cruelty To Animals Act, 1960 cases, Animal also appears (1,594 cases, 346.8x more often than chance)."
co_occurrence,crime_head,ANIMAL,act,"PREVENTION OF CRUELTY TO ANIMALS ACT, 1960",1594,0.000952,0.7605,346.75,"In 76% of Animal cases, Prevention Of Cruelty To Animals Act, 1960 also appears (1,594 cases, 346.8x more often than chance)."
co_occurrence,act,KARNTAKA PREVENTION OF COW SLANGHTER & CATTLE PREVENTION ACT-1964,act,"PREVENTION OF CRUELTY TO ANIMALS ACT, 1960",1734,0.001035,0.6116,278.88,"In 61% of Karntaka Prevention Of Cow Slanghter & Cattle Prevention Act-1964 cases, Prevention Of Cruelty To Animals Act, 1960 also appears (1,734 cases, 278.9x more often than chance)."
co_occurrence,act,"PREVENTION OF CRUELTY TO ANIMALS ACT, 1960",act,KARNTAKA PREVENTION OF COW SLANGHTER & CATTLE PREVENTION ACT-1964,1734,0.001035,0.4721,278.88,"In 47% of Prevention Of Cruelty To Animals Act, 1960 cases, Karntaka Prevention Of Cow Slanghter & Cattle Prevention Act-1964 also appears (1,734 cases, 278.9x more often than chance)."
co_occurrence,act,Prohibition of Child Marriage Act 2006,crime_head,CHILDREN ACT,604,0.000361,0.2178,173.21,"In 22% of Prohibition Of Child Marriage Act 2006 cases, Children Act also appears (604 cases, 173.2x more often than chance)."
co_occurrence,crime_head,CHILDREN ACT,act,Prohibition of Child Marriage Act 2006,604,0.000361,0.2868,173.21,"In 29% of Children Act cases, Prohibition Of Child Marriage Act 2006 also appears (604 cases, 173.2x more often than chance)."
co_occurrence,act,"(r),3(1)(s) IPC 1860",crime_head,SCHEDULED CASTE AND THE SCHEDULED TRIBES,597,0.000356,0.9755,115.08,"In 98% of (R),3(1)(S) Ipc 1860 cases, Scheduled Caste And The Scheduled Tribes also appears (597 cases, 115.1x more often than chance)."
co_occurrence,act,Scheduled Castes and Scheduled Tribes (Prevention of Atrocities) Amendment Ordinance 2014,crime_head,SCHEDULED CASTE AND THE SCHEDULED TRIBES,1685,0.001006,0.8991,106.07,"In 90% of Scheduled Castes And Scheduled Tribes (Prevention Of Atrocities) Amendment Ordinance 2014 cases, Scheduled Caste And The Scheduled Tribes also appears (1,685 cases, 106.1x more often than chance)."
co_occurrence,crime_head,SCHEDULED CASTE AND THE SCHEDULED TRIBES,act,Scheduled Castes and Scheduled Tribes (Prevention of Atrocities) Amendment Ordinance 2014,1685,0.001006,0.1187,106.07,"In 12% of Scheduled Caste And The Scheduled Tribes cases, Scheduled Castes And Scheduled Tribes (Prevention Of Atrocities) Amendment Ordinance 2014 also appears (1,685 cases, 106.1x more often than chance)."
co_occurrence,act,The SC & ST (Prevention of Atrocities) Amendment Act 2015,crime_head,SCHEDULED CASTE AND THE SCHEDULED TRIBES,4412,0.002634,0.8641,101.94,"In 86% of The Sc & St (Prevention Of Atrocities) Amendment Act 2015 cases, Scheduled Caste And The Scheduled Tribes also appears (4,412 cases, 101.9x more often than chance)."
co_occurrence,crime_head,SCHEDULED CASTE AND THE SCHEDULED TRIBES,act,The SC & ST (Prevention of Atrocities) Amendment Act 2015,4412,0.002634,0.3108,101.94,"In 31% of Scheduled Caste And The Scheduled Tribes cases, The Sc & St (Prevention Of Atrocities) Amendment Act 2015 also appears (4,412 cases, 101.9x more often than chance)."
co_occurrence,act,"SC AND THE ST (PREVENTION OF ATTROCITIES) ACT, 1989",crime_head,SCHEDULED CASTE AND THE SCHEDULED TRIBES,7557,0.004512,0.8464,99.86,"In 85% of Sc And The St (Prevention Of Attrocities) Act, 1989 cases, Scheduled Caste And The Scheduled Tribes also appears (7,557 cases, 99.9x more often than chance)."
co_occurrence,crime_head,SCHEDULED CASTE AND THE SCHEDULED TRIBES,act,"SC AND THE ST (PREVENTION OF ATTROCITIES) ACT, 1989",7557,0.004512,0.5323,99.86,"In 53% of Scheduled Caste And The Scheduled Tribes cases, Sc And The St (Prevention Of Attrocities) Act, 1989 also appears (7,557 cases, 99.9x more often than chance)."
co_occurrence,act,"The Scheduled Castes and the Scheduled Tribes (Prevention of Atrocities) Amendment Bill, 2015",crime_head,SCHEDULED CASTE AND THE SCHEDULED TRIBES,949,0.000567,0.8252,97.35,"In 83% of The Scheduled Castes And The Scheduled Tribes (Prevention Of Atrocities) Amendment Bill, 2015 cases, Scheduled Caste And The Scheduled Tribes also appears (949 cases, 97.4x more often than chance)."
co_occurrence,act,"DOWRY PROHIBITION ACT, 1961",crime_head,CRIMES RELATED TO WOMEN,14302,0.00854,0.7679,89.65,"In 77% of Dowry Prohibition Act, 1961 cases, Crimes Related To Women also appears (14,302 cases, 89.7x more often than chance)."
co_occurrence,crime_head,CRIMES RELATED TO WOMEN,act,"DOWRY PROHIBITION ACT, 1961",14302,0.00854,0.997,89.65,"In 100% of Crimes Related To Women cases, Dowry Prohibition Act, 1961 also appears (14,302 cases, 89.7x more often than chance)."
co_occurrence,act,KARNATAKA MINOR MINERAL CONSISTENT RULE 1994,act,MMDR (MINES AND MINERALS REGULATION OF DEVELOPMENT) ACT 1957,9174,0.005478,0.8887,83.94,"In 89% of Karnataka Minor Mineral Consistent Rule 1994 cases, Mmdr (Mines And Minerals Regulation Of Development) Act 1957 also appears (9,174 cases, 83.9x more often than chance)."
co_occurrence,act,MMDR (MINES AND MINERALS REGULATION OF DEVELOPMENT) ACT 1957,act,KARNATAKA MINOR MINERAL CONSISTENT RULE 1994,9174,0.005478,0.5174,83.94,"In 52% of Mmdr (Mines And Minerals Regulation Of Development) Act 1957 cases, Karnataka Minor Mineral Consistent Rule 1994 also appears (9,174 cases, 83.9x more often than chance)."
co_occurrence,act,(n) PROTECTION OF CHILDREN FROM SEXUAL OFFENCES ACT 2012,crime_head,POCSO,1827,0.001091,0.9656,81.45,"In 97% of (N) Protection Of Children From Sexual Offences Act 2012 cases, Pocso also appears (1,827 cases, 81.5x more often than chance)."
co_occurrence,act,PROTECTION OF CHILDREN FROM SEXUAL OFFENCES ACT 2012,crime_head,POCSO,16238,0.009696,0.9412,79.39,"In 94% of Protection Of Children From Sexual Offences Act 2012 cases, Pocso also appears (16,238 cases, 79.4x more often than chance)."
co_occurrence,crime_head,POCSO,act,PROTECTION OF CHILDREN FROM SEXUAL OFFENCES ACT 2012,16238,0.009696,0.8179,79.39,"In 82% of Pocso cases, Protection Of Children From Sexual Offences Act 2012 also appears (16,238 cases, 79.4x more often than chance)."
co_occurrence,crime_head,DOWRY DEATHS,act,"DOWRY PROHIBITION ACT, 1961",1177,0.000703,0.7931,71.32,"In 79% of Dowry Deaths cases, Dowry Prohibition Act, 1961 also appears (1,177 cases, 71.3x more often than chance)."
co_occurrence,act,Prohibition of Child Marriage Act 2006,crime_head,POCSO,2073,0.001238,0.7476,63.06,"In 75% of Prohibition Of Child Marriage Act 2006 cases, Pocso also appears (2,073 cases, 63.1x more often than chance)."
co_occurrence,crime_head,POCSO,act,Prohibition of Child Marriage Act 2006,2073,0.001238,0.1044,63.06,"In 10% of Pocso cases, Prohibition Of Child Marriage Act 2006 also appears (2,073 cases, 63.1x more often than chance)."
co_occurrence,act,CHILD MARRIAGE RESTRAINT ACT,act,PROTECTION OF CHILDREN FROM SEXUAL OFFENCES ACT 2012,976,0.000583,0.6455,62.66,"In 65% of Child Marriage Restraint Act cases, Protection Of Children From Sexual Offences Act 2012 also appears (976 cases, 62.7x more often than chance)."
co_occurrence,act,PROTECTION OF CHILDREN FROM SEXUAL OFFENCES ACT 2012,act,Prohibition of Child Marriage Act 2006,1747,0.001043,0.1013,61.16,"In 10% of Protection Of Children From Sexual Offences Act 2012 cases, Prohibition Of Child Marriage Act 2006 also appears (1,747 cases, 61.2x more often than chance)."
co_occurrence,act,Prohibition of Child Marriage Act 2006,act,PROTECTION OF CHILDREN FROM SEXUAL OFFENCES ACT 2012,1747,0.001043,0.63,61.16,"In 63% of Prohibition Of Child Marriage Act 2006 cases, Protection Of Children From Sexual Offences Act 2012 also appears (1,747 cases, 61.2x more often than chance)."
co_occurrence,act,CHILD MARRIAGE RESTRAINT ACT,crime_head,POCSO,1077,0.000643,0.7123,60.08,"In 71% of Child Marriage Restraint Act cases, Pocso also appears (1,077 cases, 60.1x more often than chance)."
co_occurrence,act,"NARCOTIC DRUGS AND PSYCHOTROPIC SUBSTANCES ACT, 1985",crime_head,NARCOTIC DRUGS & PSHYCOTROPIC SUBSTANCES,19251,0.011495,0.9964,59.9,"In 100% of Narcotic Drugs And Psychotropic Substances Act, 1985 cases, Narcotic Drugs & Pshycotropic Substances also appears (19,251 cases, 59.9x more often than chance)."
co_occurrence,crime_head,NARCOTIC DRUGS & PSHYCOTROPIC SUBSTANCES,act,"NARCOTIC DRUGS AND PSYCHOTROPIC SUBSTANCES ACT, 1985",19251,0.011495,0.6911,59.9,"In 69% of Narcotic Drugs & Pshycotropic Substances cases, Narcotic Drugs And Psychotropic Substances Act, 1985 also appears (19,251 cases, 59.9x more often than chance)."
co_occurrence,act,"NARCOTIC DRUGS & PSYCHOTROPIC SUBSTANCES ACT, 1985",crime_head,NARCOTIC DRUGS & PSHYCOTROPIC SUBSTANCES,9195,0.00549,0.9946,59.8,"In 99% of Narcotic Drugs & Psychotropic Substances Act, 1985 cases, Narcotic Drugs & Pshycotropic Substances also appears (9,195 cases, 59.8x more often than chance)."
co_occurrence,crime_head,NARCOTIC DRUGS & PSHYCOTROPIC SUBSTANCES,act,"NARCOTIC DRUGS & PSYCHOTROPIC SUBSTANCES ACT, 1985",9195,0.00549,0.3301,59.8,"In 33% of Narcotic Drugs & Pshycotropic Substances cases, Narcotic Drugs & Psychotropic Substances Act, 1985 also appears (9,195 cases, 59.8x more often than chance)."
co_occurrence,act,INFORMATION TECHNOLOGY ACT 2000,crime_head,CYBER CRIME,52270,0.031211,0.9815,20.94,"In 98% of Information Technology Act 2000 cases, Cyber Crime also appears (52,270 cases, 20.9x more often than chance)."
co_occurrence,crime_head,CYBER CRIME,act,INFORMATION TECHNOLOGY ACT 2000,52270,0.031211,0.6658,20.94,"In 67% of Cyber Crime cases, Information Technology Act 2000 also appears (52,270 cases, 20.9x more often than chance)."
co_occurrence,act,INFORMATION TECHNOLOGY ACT 2008,crime_head,CYBER CRIME,26173,0.015628,0.9725,20.75,"In 97% of Information Technology Act 2008 cases, Cyber Crime also appears (26,173 cases, 20.7x more often than chance)."
co_occurrence,crime_head,CYBER CRIME,act,INFORMATION TECHNOLOGY ACT 2008,26173,0.015628,0.3334,20.75,"In 33% of Cyber Crime cases, Information Technology Act 2008 also appears (26,173 cases, 20.7x more often than chance)."
co_occurrence,act,"KARNATAKA EXCISE ACT, 1965",crime_head,Karnataka State Local Act,60735,0.036265,0.9928,18.32,"In 99% of Karnataka Excise Act, 1965 cases, Karnataka State Local Act also appears (60,735 cases, 18.3x more often than chance)."
co_occurrence,crime_head,Karnataka State Local Act,act,"KARNATAKA EXCISE ACT, 1965",60735,0.036265,0.6693,18.32,"In 67% of Karnataka State Local Act cases, Karnataka Excise Act, 1965 also appears (60,735 cases, 18.3x more often than chance)."
co_occurrence,act,KARNATAKA OPEN PLACE DISFIGUREMENT ACT 1951 & 1981,crime_head,Karnataka State Local Act,2586,0.001544,0.9349,17.25,"In 93% of Karnataka Open Place Disfigurement Act 1951 & 1981 cases, Karnataka State Local Act also appears (2,586 cases, 17.3x more often than chance)."
co_occurrence,act,"THE DISASTER MANAGEMENT ACT, 2005",crime_head,PUBLIC SAFETY,1839,0.001098,0.4116,16.26,"In 41% of The Disaster Management Act, 2005 cases, Public Safety also appears (1,839 cases, 16.3x more often than chance)."
co_occurrence,act,KARNATAKA MINOR MINERAL CONSISTENT RULE 1994,crime_head,Karnataka State Local Act,8931,0.005333,0.8652,15.97,"In 87% of Karnataka Minor Mineral Consistent Rule 1994 cases, Karnataka State Local Act also appears (8,931 cases, 16.0x more often than chance)."
co_occurrence,act,"THE KARNATAKA EPIDEMIC DISEASES ACT, 2020",crime_head,PUBLIC SAFETY,1585,0.000946,0.4042,15.97,"In 40% of The Karnataka Epidemic Diseases Act, 2020 cases, Public Safety also appears (1,585 cases, 16.0x more often than chance)."
co_occurrence,act,MMDR (MINES AND MINERALS REGULATION OF DEVELOPMENT) ACT 1957,crime_head,Karnataka State Local Act,14967,0.008937,0.8442,15.58,"In 84% of Mmdr (Mines And Minerals Regulation Of Development) Act 1957 cases, Karnataka State Local Act also appears (14,967 cases, 15.6x more often than chance)."
co_occurrence,crime_head,Karnataka State Local Act,act,MMDR (MINES AND MINERALS REGULATION OF DEVELOPMENT) ACT 1957,14967,0.008937,0.1649,15.58,"In 16% of Karnataka State Local Act cases, Mmdr (Mines And Minerals Regulation Of Development) Act 1957 also appears (14,967 cases, 15.6x more often than chance)."
co_occurrence,act,"KARNATAKA POLICE (AMENDMENT) ACT, 2021",crime_head,KARNATAKA POLICE ACT 1963,5401,0.003225,0.9969,15.52,"In 100% of Karnataka Police (Amendment) Act, 2021 cases, Karnataka Police Act 1963 also appears (5,401 cases, 15.5x more often than chance)."
co_occurrence,act,"KARNATAKA POLICE ACT, 1963",crime_head,KARNATAKA POLICE ACT 1963,102277,0.061071,0.9694,15.09,"In 97% of Karnataka Police Act, 1963 cases, Karnataka Police Act 1963 also appears (102,277 cases, 15.1x more often than chance)."
co_occurrence,crime_head,KARNATAKA POLICE ACT 1963,act,"KARNATAKA POLICE ACT, 1963",102277,0.061071,0.9507,15.09,"In 95% of Karnataka Police Act 1963 cases, Karnataka Police Act, 1963 also appears (102,277 cases, 15.1x more often than chance)."
co_occurrence,act,KARNATAKA LAND REVENUE ACT 1964,crime_head,Karnataka State Local Act,921,0.00055,0.8115,14.98,"In 81% of Karnataka Land Revenue Act 1964 cases, Karnataka State Local Act also appears (921 cases, 15.0x more often than chance)."
co_occurrence,act,"KARNATAKA PROHIBITION OF CHARGING EXORBITANT INTEREST ACT, 2004",crime_head,Karnataka State Local Act,601,0.000359,0.81,14.95,"In 81% of Karnataka Prohibition Of Charging Exorbitant Interest Act, 2004 cases, Karnataka State Local Act also appears (601 cases, 14.9x more often than chance)."
co_occurrence,act,KARNTAKA PREVENTION OF COW SLANGHTER & CATTLE PREVENTION ACT-1964,crime_head,Karnataka State Local Act,2147,0.001282,0.7573,13.98,"In 76% of Karntaka Prevention Of Cow Slanghter & Cattle Prevention Act-1964 cases, Karnataka State Local Act also appears (2,147 cases, 14.0x more often than chance)."
co_occurrence,act,THE KARNATAKA PREVENTION OF SLAUGHTER AND PRESERVATION OF CATTLE ACT-2020,crime_head,Karnataka State Local Act,727,0.000434,0.6544,12.08,"In 65% of The Karnataka Prevention Of Slaughter And Preservation Of Cattle Act-2020 cases, Karnataka State Local Act also appears (727 cases, 12.1x more often than chance)."
co_occurrence,act,"CODE OF CRIMINAL PROCEDURE, 1973",crime_head,CrPC,137926,0.082357,0.9828,11.93,"In 98% of Code Of Criminal Procedure, 1973 cases, Crpc also appears (137,926 cases, 11.9x more often than chance)."
co_occurrence,crime_head,CrPC,act,"CODE OF CRIMINAL PROCEDURE, 1973",137926,0.082357,0.9999,11.93,"In 100% of Crpc cases, Code Of Criminal Procedure, 1973 also appears (137,926 cases, 11.9x more often than chance)."
co_occurrence,act,"DOWRY PROHIBITION ACT, 1961",crime_head,CRUELTY BY HUSBAND,2505,0.001496,0.1345,11.7,"In 13% of Dowry Prohibition Act, 1961 cases, Cruelty By Husband also appears (2,505 cases, 11.7x more often than chance)."
co_occurrence,crime_head,CRUELTY BY HUSBAND,act,"DOWRY PROHIBITION ACT, 1961",2505,0.001496,0.1301,11.7,"In 13% of Cruelty By Husband cases, Dowry Prohibition Act, 1961 also appears (2,505 cases, 11.7x more often than chance)."
co_occurrence,act,KARNATAKA FOREST ACT 1963,crime_head,Karnataka State Local Act,707,0.000422,0.6324,11.67,"In 63% of Karnataka Forest Act 1963 cases, Karnataka State Local Act also appears (707 cases, 11.7x more often than chance)."
co_occurrence,act,THE KARNATAKA PREVENTION OF SLAUGHTER AND PRESERVATION OF CATTLE ORDINANCE-2020,crime_head,Karnataka State Local Act,531,0.000317,0.6125,11.3,"In 61% of The Karnataka Prevention Of Slaughter And Preservation Of Cattle Ordinance-2020 cases, Karnataka State Local Act also appears (531 cases, 11.3x more often than chance)."
co_occurrence,act,"THE KARNATAKA EPIDEMIC DISEASES ACT, 2020",crime_head,Karnataka State Local Act,2022,0.001207,0.5157,9.52,"In 52% of The Karnataka Epidemic Diseases Act, 2020 cases, Karnataka State Local Act also appears (2,022 cases, 9.5x more often than chance)."
co_occurrence,act,"THE CENTRAL MOTOR VEHICLES RULES, 1989",act,"INDIAN MOTOR VEHICLES ACT, 1988",1132,0.000676,0.9869,9.06,"In 99% of The Central Motor Vehicles Rules, 1989 cases, Indian Motor Vehicles Act, 1988 also appears (1,132 cases, 9.1x more often than chance)."
co_occurrence,act,"PREVENTION OF CRUELTY TO ANIMALS ACT, 1960",crime_head,Karnataka State Local Act,1742,0.00104,0.4743,8.75,"In 47% of Prevention Of Cruelty To Animals Act, 1960 cases, Karnataka State Local Act also appears (1,742 cases, 8.8x more often than chance)."
spatial_affinity,district,Karnataka Railways,crime_head,THEFT,7128,0.004256,0.7209,7.59,"72% of all cases filed in Karnataka Railways are Theft (7,128 cases, 7.6x the state average)."
co_occurrence,act,"THE DISASTER MANAGEMENT ACT, 2005",crime_head,Karnataka State Local Act,1769,0.001056,0.3959,7.31,"In 40% of The Disaster Management Act, 2005 cases, Karnataka State Local Act also appears (1,769 cases, 7.3x more often than chance)."
co_occurrence,crime_head,NEGLIGENT ACT,act,"INDIAN MOTOR VEHICLES ACT, 1988",15300,0.009136,0.6752,6.2,"In 68% of Negligent Act cases, Indian Motor Vehicles Act, 1988 also appears (15,300 cases, 6.2x more often than chance)."
co_occurrence,act,"INDIAN MOTOR VEHICLES ACT, 1988",crime_head,MOTOR VEHICLE ACCIDENTS FATAL,49804,0.029738,0.2731,5.51,"In 27% of Indian Motor Vehicles Act, 1988 cases, Motor Vehicle Accidents Fatal also appears (49,804 cases, 5.5x more often than chance)."
co_occurrence,crime_head,MOTOR VEHICLE ACCIDENTS FATAL,act,"INDIAN MOTOR VEHICLES ACT, 1988",49804,0.029738,0.5998,5.51,"In 60% of Motor Vehicle Accidents Fatal cases, Indian Motor Vehicles Act, 1988 also appears (49,804 cases, 5.5x more often than chance)."
spatial_affinity,crime_head,NARCOTIC DRUGS & PSHYCOTROPIC SUBSTANCES,district,Mangaluru City,2788,0.001665,0.1001,5.31,"Narcotic Drugs & Pshycotropic Substances cases are 5.3x more concentrated in Mangaluru City than the statewide average (2,788 cases)."
co_occurrence,act,"THE CENTRAL MOTOR VEHICLES RULES, 1989",crime_head,MOTOR VEHICLE ACCIDENTS NON-FATAL,847,0.000506,0.7384,5.09,"In 74% of The Central Motor Vehicles Rules, 1989 cases, Motor Vehicle Accidents Non-Fatal also appears (847 cases, 5.1x more often than chance)."
spatial_affinity,crime_head,WRONGFUL RESTRAINT/CONFINEMENT,district,Mandya,569,0.00034,0.164,4.6,Wrongful Restraint/Confinement cases are 4.6x more concentrated in Mandya than the statewide average (569 cases).
co_occurrence,act,"INDIAN MOTOR VEHICLES ACT, 1988",crime_head,MOTOR VEHICLE ACCIDENTS NON-FATAL,109666,0.065483,0.6014,4.15,"In 60% of Indian Motor Vehicles Act, 1988 cases, Motor Vehicle Accidents Non-Fatal also appears (109,666 cases, 4.1x more often than chance)."
co_occurrence,crime_head,MOTOR VEHICLE ACCIDENTS NON-FATAL,act,"INDIAN MOTOR VEHICLES ACT, 1988",109666,0.065483,0.4513,4.15,"In 45% of Motor Vehicle Accidents Non-Fatal cases, Indian Motor Vehicles Act, 1988 also appears (109,666 cases, 4.1x more often than chance)."
spatial_affinity,crime_head,CYBER CRIME,district,Bengaluru City,64599,0.038573,0.8229,3.24,"Cyber Crime cases are 3.2x more concentrated in Bengaluru City than the statewide average (64,599 cases)."
spatial_affinity,district,Bengaluru City,crime_head,CYBER CRIME,64599,0.038573,0.1519,3.24,"15% of all cases filed in Bengaluru City are Cyber Crime (64,599 cases, 3.2x the state average)."
spatial_affinity,crime_head,PUBLIC SAFETY,district,Bengaluru City,32222,0.01924,0.7603,2.99,"Public Safety cases are 3.0x more concentrated in Bengaluru City than the statewide average (32,222 cases)."
spatial_affinity,district,Ballari,crime_head,KARNATAKA POLICE ACT 1963,5460,0.00326,0.1921,2.99,"19% of all cases filed in Ballari are Karnataka Police Act 1963 (5,460 cases, 3.0x the state average)."
spatial_affinity,crime_head,Failure to appear to Court,district,Bengaluru City,1234,0.000737,0.7434,2.93,"Failure To Appear To Court cases are 2.9x more concentrated in Bengaluru City than the statewide average (1,234 cases)."
spatial_affinity,crime_head,COPY RIGHT ACT 1957,district,Bengaluru City,1048,0.000626,0.7448,2.93,"Copy Right Act 1957 cases are 2.9x more concentrated in Bengaluru City than the statewide average (1,048 cases)."
spatial_affinity,district,Chamarajanagar,crime_head,Karnataka State Local Act,3526,0.002105,0.153,2.82,"15% of all cases filed in Chamarajanagar are Karnataka State Local Act (3,526 cases, 2.8x the state average)."
spatial_affinity,district,Koppal,crime_head,KARNATAKA POLICE ACT 1963,4464,0.002665,0.1791,2.79,"18% of all cases filed in Koppal are Karnataka Police Act 1963 (4,464 cases, 2.8x the state average)."
spatial_affinity,crime_head,"COTPA, CIGARETTES AND OTHER TOBACCO PRODUCTS",district,Bengaluru City,2357,0.001407,0.708,2.79,"Cotpa, Cigarettes And Other Tobacco Products cases are 2.8x more concentrated in Bengaluru City than the statewide average (2,357 cases)."
spatial_affinity,district,Gadag,crime_head,KARNATAKA POLICE ACT 1963,3273,0.001954,0.1769,2.75,"18% of all cases filed in Gadag are Karnataka Police Act 1963 (3,273 cases, 2.8x the state average)."
co_occurrence,act,KARNTAKA PREVENTION OF COW SLANGHTER & CATTLE PREVENTION ACT-1964,act,"INDIAN MOTOR VEHICLES ACT, 1988",847,0.000506,0.2988,2.74,"In 30% of Karntaka Prevention Of Cow Slanghter & Cattle Prevention Act-1964 cases, Indian Motor Vehicles Act, 1988 also appears (847 cases, 2.7x more often than chance)."
co_occurrence,act,"PREVENTION OF CRUELTY TO ANIMALS ACT, 1960",act,"INDIAN MOTOR VEHICLES ACT, 1988",1080,0.000645,0.294,2.7,"In 29% of Prevention Of Cruelty To Animals Act, 1960 cases, Indian Motor Vehicles Act, 1988 also appears (1,080 cases, 2.7x more often than chance)."
spatial_affinity,crime_head,NEGLIGENT ACT,district,Bengaluru City,15141,0.009041,0.6682,2.63,"Negligent Act cases are 2.6x more concentrated in Bengaluru City than the statewide average (15,141 cases)."
spatial_affinity,district,Chikkaballapura,crime_head,Karnataka State Local Act,5191,0.0031,0.142,2.62,"14% of all cases filed in Chikkaballapura are Karnataka State Local Act (5,191 cases, 2.6x the state average)."
spatial_affinity,district,Vijayanagara,crime_head,KARNATAKA POLICE ACT 1963,4007,0.002393,0.1552,2.42,"16% of all cases filed in Vijayanagara are Karnataka Police Act 1963 (4,007 cases, 2.4x the state average)."
spatial_affinity,crime_head,NARCOTIC DRUGS & PSHYCOTROPIC SUBSTANCES,district,Bengaluru City,16247,0.009701,0.5832,2.3,"Narcotic Drugs & Pshycotropic Substances cases are 2.3x more concentrated in Bengaluru City than the statewide average (16,247 cases)."
spatial_affinity,district,K.G.F,crime_head,CrPC,1938,0.001157,0.189,2.29,"19% of all cases filed in K.G.F are Crpc (1,938 cases, 2.3x the state average)."
spatial_affinity,district,Vijayapura,crime_head,KARNATAKA POLICE ACT 1963,5638,0.003367,0.1427,2.22,"14% of all cases filed in Vijayapura are Karnataka Police Act 1963 (5,638 cases, 2.2x the state average)."
spatial_affinity,district,Yadgir,crime_head,KARNATAKA POLICE ACT 1963,2782,0.001661,0.1426,2.22,"14% of all cases filed in Yadgir are Karnataka Police Act 1963 (2,782 cases, 2.2x the state average)."
spatial_affinity,district,Raichur,crime_head,KARNATAKA POLICE ACT 1963,5165,0.003084,0.1415,2.2,"14% of all cases filed in Raichur are Karnataka Police Act 1963 (5,165 cases, 2.2x the state average)."
spatial_affinity,district,Bagalkote,crime_head,KARNATAKA POLICE ACT 1963,3717,0.002219,0.1322,2.06,"13% of all cases filed in Bagalkote are Karnataka Police Act 1963 (3,717 cases, 2.1x the state average)."
spatial_affinity,district,Dharwad,crime_head,KARNATAKA POLICE ACT 1963,1963,0.001172,0.132,2.06,"13% of all cases filed in Dharwad are Karnataka Police Act 1963 (1,963 cases, 2.1x the state average)."
spatial_affinity,crime_head,DACOITY,district,Bengaluru City,2752,0.001643,0.5216,2.05,"Dacoity cases are 2.1x more concentrated in Bengaluru City than the statewide average (2,752 cases)."
spatial_affinity,crime_head,IMMORAL TRAFFIC,district,Bengaluru City,1084,0.000647,0.5199,2.05,"Immoral Traffic cases are 2.0x more concentrated in Bengaluru City than the statewide average (1,084 cases)."
spatial_affinity,district,Dharwad,crime_head,MOTOR VEHICLE ACCIDENTS FATAL,1506,0.000899,0.1013,2.04,"10% of all cases filed in Dharwad are Motor Vehicle Accidents Fatal (1,506 cases, 2.0x the state average)."
spatial_affinity,district,Gadag,crime_head,Karnataka State Local Act,1983,0.001184,0.1072,1.98,"11% of all cases filed in Gadag are Karnataka State Local Act (1,983 cases, 2.0x the state average)."
spatial_affinity,district,Dakshina Kannada,crime_head,MOTOR VEHICLE ACCIDENTS NON-FATAL,6038,0.003605,0.2858,1.97,"29% of all cases filed in Dakshina Kannada are Motor Vehicle Accidents Non-Fatal (6,038 cases, 2.0x the state average)."
spatial_affinity,district,Udupi,crime_head,MOTOR VEHICLE ACCIDENTS NON-FATAL,8007,0.004781,0.2816,1.94,"28% of all cases filed in Udupi are Motor Vehicle Accidents Non-Fatal (8,007 cases, 1.9x the state average)."
spatial_affinity,district,Haveri,crime_head,KARNATAKA POLICE ACT 1963,3686,0.002201,0.1238,1.93,"12% of all cases filed in Haveri are Karnataka Police Act 1963 (3,686 cases, 1.9x the state average)."
spatial_affinity,district,Kodagu,crime_head,CASES OF HURT,2805,0.001675,0.1457,1.93,"15% of all cases filed in Kodagu are Cases Of Hurt (2,805 cases, 1.9x the state average)."
spatial_affinity,district,Hubballi-Dharwad City,crime_head,KARNATAKA POLICE ACT 1963,2941,0.001756,0.1221,1.9,"12% of all cases filed in Hubballi-Dharwad City are Karnataka Police Act 1963 (2,941 cases, 1.9x the state average)."
spatial_affinity,district,Kodagu,crime_head,CrPC,2952,0.001763,0.1534,1.86,"15% of all cases filed in Kodagu are Crpc (2,952 cases, 1.9x the state average)."
spatial_affinity,district,Mysuru,crime_head,Karnataka State Local Act,5064,0.003024,0.1001,1.85,"10% of all cases filed in Mysuru are Karnataka State Local Act (5,064 cases, 1.8x the state average)."
spatial_affinity,crime_head,CHEATING,district,Bengaluru City,22716,0.013564,0.4667,1.84,"Cheating cases are 1.8x more concentrated in Bengaluru City than the statewide average (22,716 cases)."
spatial_affinity,district,Bidar,crime_head,CASES OF HURT,5254,0.003137,0.1388,1.84,"14% of all cases filed in Bidar are Cases Of Hurt (5,254 cases, 1.8x the state average)."
spatial_affinity,district,Kalaburagi,crime_head,KARNATAKA POLICE ACT 1963,3541,0.002114,0.1129,1.76,"11% of all cases filed in Kalaburagi are Karnataka Police Act 1963 (3,541 cases, 1.8x the state average)."
spatial_affinity,district,Yadgir,crime_head,CrPC,2813,0.00168,0.1442,1.75,"14% of all cases filed in Yadgir are Crpc (2,813 cases, 1.8x the state average)."
spatial_affinity,crime_head,THEFT,district,Bengaluru City,69988,0.041791,0.4401,1.73,"Theft cases are 1.7x more concentrated in Bengaluru City than the statewide average (69,988 cases)."
spatial_affinity,district,Bengaluru City,crime_head,THEFT,69988,0.041791,0.1645,1.73,"16% of all cases filed in Bengaluru City are Theft (69,988 cases, 1.7x the state average)."
spatial_affinity,district,Belagavi,crime_head,KARNATAKA POLICE ACT 1963,6507,0.003885,0.1092,1.7,"11% of all cases filed in Belagavi are Karnataka Police Act 1963 (6,507 cases, 1.7x the state average)."
spatial_affinity,district,Hassan,crime_head,CASES OF HURT,7398,0.004417,0.127,1.69,"13% of all cases filed in Hassan are Cases Of Hurt (7,398 cases, 1.7x the state average)."
spatial_affinity,crime_head,CRIMES RELATED TO WOMEN,district,Bengaluru City,6077,0.003629,0.4236,1.67,"Crimes Related To Women cases are 1.7x more concentrated in Bengaluru City than the statewide average (6,077 cases)."
spatial_affinity,crime_head,PREVENTION OF DAMAGE TO PUBLIC PROPERTY ACT 1984,district,Bengaluru City,517,0.000309,0.4248,1.67,Prevention Of Damage To Public Property Act 1984 cases are 1.7x more concentrated in Bengaluru City than the statewide average (517 cases).
spatial_affinity,district,Uttara Kannada,crime_head,KARNATAKA POLICE ACT 1963,3460,0.002066,0.1058,1.65,"11% of all cases filed in Uttara Kannada are Karnataka Police Act 1963 (3,460 cases, 1.6x the state average)."
spatial_affinity,district,Gadag,crime_head,CrPC,2483,0.001483,0.1342,1.63,"13% of all cases filed in Gadag are Crpc (2,483 cases, 1.6x the state average)."
spatial_affinity,district,Davanagere,crime_head,KARNATAKA POLICE ACT 1963,4052,0.002419,0.1038,1.62,"10% of all cases filed in Davanagere are Karnataka Police Act 1963 (4,052 cases, 1.6x the state average)."
spatial_affinity,district,K.G.F,crime_head,CASES OF HURT,1251,0.000747,0.122,1.62,"12% of all cases filed in K.G.F are Cases Of Hurt (1,251 cases, 1.6x the state average)."
spatial_affinity,crime_head,ROBBERY,district,Bengaluru City,6126,0.003658,0.4084,1.61,"Robbery cases are 1.6x more concentrated in Bengaluru City than the statewide average (6,126 cases)."
spatial_affinity,district,Mysuru,crime_head,CASES OF HURT,6109,0.003648,0.1207,1.6,"12% of all cases filed in Mysuru are Cases Of Hurt (6,109 cases, 1.6x the state average)."
spatial_affinity,district,Haveri,crime_head,CrPC,3919,0.00234,0.1316,1.6,"13% of all cases filed in Haveri are Crpc (3,919 cases, 1.6x the state average)."
spatial_affinity,district,Hassan,crime_head,MOTOR VEHICLE ACCIDENTS NON-FATAL,13159,0.007857,0.2259,1.56,"23% of all cases filed in Hassan are Motor Vehicle Accidents Non-Fatal (13,159 cases, 1.6x the state average)."
spatial_affinity,district,Mandya,crime_head,CASES OF HURT,7012,0.004187,0.1175,1.56,"12% of all cases filed in Mandya are Cases Of Hurt (7,012 cases, 1.6x the state average)."
spatial_affinity,district,Bidar,crime_head,CrPC,4870,0.002908,0.1286,1.56,"13% of all cases filed in Bidar are Crpc (4,870 cases, 1.6x the state average)."
spatial_affinity,district,Mangaluru City,crime_head,CrPC,4059,0.002424,0.1287,1.56,"13% of all cases filed in Mangaluru City are Crpc (4,059 cases, 1.6x the state average)."
spatial_affinity,district,Mangaluru City,crime_head,MOTOR VEHICLE ACCIDENTS NON-FATAL,7083,0.004229,0.2245,1.55,"22% of all cases filed in Mangaluru City are Motor Vehicle Accidents Non-Fatal (7,083 cases, 1.5x the state average)."
spatial_affinity,district,Kalaburagi,crime_head,CrPC,3932,0.002348,0.1254,1.52,"13% of all cases filed in Kalaburagi are Crpc (3,932 cases, 1.5x the state average)."
spatial_affinity,district,Chamarajanagar,crime_head,CrPC,2884,0.001722,0.1252,1.52,"13% of all cases filed in Chamarajanagar are Crpc (2,884 cases, 1.5x the state average)."
spatial_affinity,district,Raichur,crime_head,CrPC,4552,0.002718,0.1247,1.51,"12% of all cases filed in Raichur are Crpc (4,552 cases, 1.5x the state average)."
spatial_affinity,district,Kalaburagi City,crime_head,CrPC,2505,0.001496,0.1239,1.5,"12% of all cases filed in Kalaburagi City are Crpc (2,505 cases, 1.5x the state average)."
spatial_affinity,crime_head,DEATHS DUE TO RASHNESS/NEGLIGENCE,district,Bengaluru City,1136,0.000678,0.3817,1.5,"Deaths Due To Rashness/Negligence cases are 1.5x more concentrated in Bengaluru City than the statewide average (1,136 cases)."
spatial_affinity,district,Uttara Kannada,crime_head,MOTOR VEHICLE ACCIDENTS NON-FATAL,7060,0.004216,0.216,1.49,"22% of all cases filed in Uttara Kannada are Motor Vehicle Accidents Non-Fatal (7,060 cases, 1.5x the state average)."
co_occurrence,act,MMDR (MINES AND MINERALS REGULATION OF DEVELOPMENT) ACT 1957,crime_head,THEFT,2501,0.001493,0.1411,1.49,"In 14% of Mmdr (Mines And Minerals Regulation Of Development) Act 1957 cases, Theft also appears (2,501 cases, 1.5x more often than chance)."
spatial_affinity,district,Bengaluru Rural,crime_head,MISSING PERSON,7075,0.004225,0.1105,1.48,"11% of all cases filed in Bengaluru Rural are Missing Person (7,075 cases, 1.5x the state average)."
spatial_affinity,district,Mandya,crime_head,MOTOR VEHICLE ACCIDENTS NON-FATAL,12758,0.007618,0.2137,1.47,"21% of all cases filed in Mandya are Motor Vehicle Accidents Non-Fatal (12,758 cases, 1.5x the state average)."
spatial_affinity,district,Hassan,crime_head,CrPC,6963,0.004158,0.1195,1.45,"12% of all cases filed in Hassan are Crpc (6,963 cases, 1.5x the state average)."
spatial_affinity,district,Uttara Kannada,crime_head,CrPC,3912,0.002336,0.1197,1.45,"12% of all cases filed in Uttara Kannada are Crpc (3,912 cases, 1.5x the state average)."
spatial_affinity,district,Tumakuru,crime_head,MOTOR VEHICLE ACCIDENTS NON-FATAL,12900,0.007703,0.2096,1.44,"21% of all cases filed in Tumakuru are Motor Vehicle Accidents Non-Fatal (12,900 cases, 1.4x the state average)."
spatial_affinity,district,Ramanagara,crime_head,MOTOR VEHICLE ACCIDENTS NON-FATAL,9257,0.005527,0.2093,1.44,"21% of all cases filed in Ramanagara are Motor Vehicle Accidents Non-Fatal (9,257 cases, 1.4x the state average)."
spatial_affinity,district,Belagavi,crime_head,CrPC,7053,0.004211,0.1184,1.44,"12% of all cases filed in Belagavi are Crpc (7,053 cases, 1.4x the state average)."
spatial_affinity,district,Chikkamagaluru,crime_head,CASES OF HURT,3850,0.002299,0.1085,1.44,"11% of all cases filed in Chikkamagaluru are Cases Of Hurt (3,850 cases, 1.4x the state average)."
spatial_affinity,district,Mysuru City,crime_head,MISSING PERSON,3283,0.00196,0.1076,1.44,"11% of all cases filed in Mysuru City are Missing Person (3,283 cases, 1.4x the state average)."
spatial_affinity,district,Vijayanagara,crime_head,CrPC,3068,0.001832,0.1188,1.44,"12% of all cases filed in Vijayanagara are Crpc (3,068 cases, 1.4x the state average)."
spatial_affinity,district,Kolar,crime_head,MISSING PERSON,2533,0.001512,0.1071,1.44,"11% of all cases filed in Kolar are Missing Person (2,533 cases, 1.4x the state average)."
spatial_affinity,district,Chikkaballapura,crime_head,CrPC,4271,0.00255,0.1169,1.42,"12% of all cases filed in Chikkaballapura are Crpc (4,271 cases, 1.4x the state average)."
spatial_affinity,crime_head,ARMS ACT 1959,district,Bengaluru City,595,0.000355,0.3604,1.42,Arms Act 1959 cases are 1.4x more concentrated in Bengaluru City than the statewide average (595 cases).
spatial_affinity,district,Chitradurga,crime_head,MOTOR VEHICLE ACCIDENTS NON-FATAL,9786,0.005843,0.2049,1.41,"20% of all cases filed in Chitradurga are Motor Vehicle Accidents Non-Fatal (9,786 cases, 1.4x the state average)."
co_occurrence,act,KARNATAKA MINOR MINERAL CONSISTENT RULE 1994,act,"INDIAN MOTOR VEHICLES ACT, 1988",1587,0.000948,0.1537,1.41,"In 15% of Karnataka Minor Mineral Consistent Rule 1994 cases, Indian Motor Vehicles Act, 1988 also appears (1,587 cases, 1.4x more often than chance)."
spatial_affinity,district,Bengaluru Rural,crime_head,MOTOR VEHICLE ACCIDENTS NON-FATAL,12787,0.007635,0.1998,1.38,"20% of all cases filed in Bengaluru Rural are Motor Vehicle Accidents Non-Fatal (12,787 cases, 1.4x the state average)."
spatial_affinity,district,Kolar,crime_head,CASES OF HURT,2439,0.001456,0.1031,1.37,"10% of all cases filed in Kolar are Cases Of Hurt (2,439 cases, 1.4x the state average)."
spatial_affinity,district,Dakshina Kannada,crime_head,CrPC,2380,0.001421,0.1127,1.37,"11% of all cases filed in Dakshina Kannada are Crpc (2,380 cases, 1.4x the state average)."
spatial_affinity,district,Belagavi City,crime_head,CrPC,2359,0.001409,0.113,1.37,"11% of all cases filed in Belagavi City are Crpc (2,359 cases, 1.4x the state average)."
spatial_affinity,district,Chikkamagaluru,crime_head,CrPC,3964,0.002367,0.1117,1.36,"11% of all cases filed in Chikkamagaluru are Crpc (3,964 cases, 1.4x the state average)."
spatial_affinity,district,Davanagere,crime_head,MISSING PERSON,3963,0.002366,0.1015,1.36,"10% of all cases filed in Davanagere are Missing Person (3,963 cases, 1.4x the state average)."
spatial_affinity,district,Chamarajanagar,crime_head,CASES OF HURT,2348,0.001402,0.1019,1.35,"10% of all cases filed in Chamarajanagar are Cases Of Hurt (2,348 cases, 1.4x the state average)."
spatial_affinity,crime_head,CRIMINAL BREACH OF TRUST,district,Bengaluru City,1267,0.000757,0.3404,1.34,"Criminal Breach Of Trust cases are 1.3x more concentrated in Bengaluru City than the statewide average (1,267 cases)."
spatial_affinity,district,Bengaluru Rural,crime_head,THEFT,8055,0.00481,0.1259,1.33,"13% of all cases filed in Bengaluru Rural are Theft (8,055 cases, 1.3x the state average)."
spatial_affinity,district,Bidar,crime_head,MOTOR VEHICLE ACCIDENTS NON-FATAL,7322,0.004372,0.1934,1.33,"19% of all cases filed in Bidar are Motor Vehicle Accidents Non-Fatal (7,322 cases, 1.3x the state average)."
spatial_affinity,crime_head,KIDNAPPING AND ABDUCTION,district,Bengaluru City,7924,0.004731,0.3312,1.3,"Kidnapping And Abduction cases are 1.3x more concentrated in Bengaluru City than the statewide average (7,924 cases)."
co_occurrence,act,IPC 1860,crime_head,MOTOR VEHICLE ACCIDENTS NON-FATAL,242912,0.145045,0.1865,1.29,"In 19% of Ipc 1860 cases, Motor Vehicle Accidents Non-Fatal also appears (242,912 cases, 1.3x more often than chance)."
co_occurrence,crime_head,MOTOR VEHICLE ACCIDENTS NON-FATAL,act,IPC 1860,242912,0.145045,0.9997,1.29,"In 100% of Motor Vehicle Accidents Non-Fatal cases, Ipc 1860 also appears (242,912 cases, 1.3x more often than chance)."
co_occurrence,crime_head,CASES OF HURT,act,IPC 1860,126200,0.075355,0.9999,1.29,"In 100% of Cases Of Hurt cases, Ipc 1860 also appears (126,200 cases, 1.3x more often than chance)."
co_occurrence,crime_head,MISSING PERSON,act,IPC 1860,124811,0.074526,1.0,1.29,"In 100% of Missing Person cases, Ipc 1860 also appears (124,811 cases, 1.3x more often than chance)."
co_occurrence,crime_head,MOTOR VEHICLE ACCIDENTS FATAL,act,IPC 1860,83021,0.049573,0.9998,1.29,"In 100% of Motor Vehicle Accidents Fatal cases, Ipc 1860 also appears (83,021 cases, 1.3x more often than chance)."
co_occurrence,crime_head,CHEATING,act,IPC 1860,48652,0.029051,0.9995,1.29,"In 100% of Cheating cases, Ipc 1860 also appears (48,652 cases, 1.3x more often than chance)."
co_occurrence,crime_head,MOLESTATION,act,IPC 1860,42850,0.025586,0.9999,1.29,"In 100% of Molestation cases, Ipc 1860 also appears (42,850 cases, 1.3x more often than chance)."
co_occurrence,crime_head,PUBLIC SAFETY,act,IPC 1860,42355,0.025291,0.9994,1.29,"In 100% of Public Safety cases, Ipc 1860 also appears (42,355 cases, 1.3x more often than chance)."
co_occurrence,crime_head,RIOTS,act,IPC 1860,36688,0.021907,0.9998,1.29,"In 100% of Riots cases, Ipc 1860 also appears (36,688 cases, 1.3x more often than chance)."
co_occurrence,crime_head,BURGLARY - NIGHT,act,IPC 1860,35727,0.021333,0.9999,1.29,"In 100% of Burglary - Night cases, Ipc 1860 also appears (35,727 cases, 1.3x more often than chance)."
co_occurrence,crime_head,KIDNAPPING AND ABDUCTION,act,IPC 1860,23918,0.014282,0.9998,1.29,"In 100% of Kidnapping And Abduction cases, Ipc 1860 also appears (23,918 cases, 1.3x more often than chance)."
co_occurrence,crime_head,CRUELTY BY HUSBAND,act,IPC 1860,19259,0.0115,0.9999,1.29,"In 100% of Cruelty By Husband cases, Ipc 1860 also appears (19,259 cases, 1.3x more often than chance)."
co_occurrence,crime_head,CRIMINAL INTIMIDATION,act,IPC 1860,17875,0.010673,0.9994,1.29,"In 100% of Criminal Intimidation cases, Ipc 1860 also appears (17,875 cases, 1.3x more often than chance)."
co_occurrence,crime_head,ROBBERY,act,IPC 1860,14998,0.008955,0.9999,1.29,"In 100% of Robbery cases, Ipc 1860 also appears (14,998 cases, 1.3x more often than chance)."
co_occurrence,crime_head,CRIMES RELATED TO WOMEN,act,IPC 1860,14337,0.008561,0.9994,1.29,"In 100% of Crimes Related To Women cases, Ipc 1860 also appears (14,337 cases, 1.3x more often than chance)."
co_occurrence,crime_head,CRIMINAL TRESPASS,act,IPC 1860,14016,0.008369,0.9999,1.29,"In 100% of Criminal Trespass cases, Ipc 1860 also appears (14,016 cases, 1.3x more often than chance)."
co_occurrence,crime_head,BURGLARY - DAY,act,IPC 1860,8242,0.004921,0.9996,1.29,"In 100% of Burglary - Day cases, Ipc 1860 also appears (8,242 cases, 1.3x more often than chance)."
co_occurrence,crime_head,CRIMINAL BREACH OF TRUST,act,IPC 1860,3721,0.002222,0.9997,1.29,"In 100% of Criminal Breach Of Trust cases, Ipc 1860 also appears (3,721 cases, 1.3x more often than chance)."
co_occurrence,crime_head,WRONGFUL RESTRAINT/CONFINEMENT,act,IPC 1860,3468,0.002071,0.9997,1.29,"In 100% of Wrongful Restraint/Confinement cases, Ipc 1860 also appears (3,468 cases, 1.3x more often than chance)."
co_occurrence,crime_head,AFFRAY,act,IPC 1860,3190,0.001905,0.9997,1.29,"In 100% of Affray cases, Ipc 1860 also appears (3,190 cases, 1.3x more often than chance)."
co_occurrence,crime_head,Failure to appear to Court,act,IPC 1860,1660,0.000991,1.0,1.29,"In 100% of Failure To Appear To Court cases, Ipc 1860 also appears (1,660 cases, 1.3x more often than chance)."
co_occurrence,crime_head,INSULTING MODESTY OF WOMEN (EVE TEASING),act,IPC 1860,917,0.000548,1.0,1.29,"In 100% of Insulting Modesty Of Women (Eve Teasing) cases, Ipc 1860 also appears (917 cases, 1.3x more often than chance)."
co_occurrence,crime_head,EXPOSURE AND ABANDONMENT OF CHILD,act,IPC 1860,835,0.000499,1.0,1.29,"In 100% of Exposure And Abandonment Of Child cases, Ipc 1860 also appears (835 cases, 1.3x more often than chance)."
co_occurrence,crime_head,Concealment of birth by secret disposal of Child,act,IPC 1860,534,0.000319,1.0,1.29,"In 100% of Concealment Of Birth By Secret Disposal Of Child cases, Ipc 1860 also appears (534 cases, 1.3x more often than chance)."
co_occurrence,crime_head,OFFENCES PROMOTING ENEMITY,act,IPC 1860,534,0.000319,1.0,1.29,"In 100% of Offences Promoting Enemity cases, Ipc 1860 also appears (534 cases, 1.3x more often than chance)."
co_occurrence,crime_head,PUBLIC NUISANCE,act,IPC 1860,513,0.000306,1.0,1.29,"In 100% of Public Nuisance cases, Ipc 1860 also appears (513 cases, 1.3x more often than chance)."
co_occurrence,act,"INDIAN MOTOR VEHICLES ACT, 1988",act,IPC 1860,181180,0.108184,0.9936,1.28,"In 99% of Indian Motor Vehicles Act, 1988 cases, Ipc 1860 also appears (181,180 cases, 1.3x more often than chance)."
co_occurrence,act,IPC 1860,act,"INDIAN MOTOR VEHICLES ACT, 1988",181180,0.108184,0.1391,1.28,"In 14% of Ipc 1860 cases, Indian Motor Vehicles Act, 1988 also appears (181,180 cases, 1.3x more often than chance)."
co_occurrence,act,IPC 1860,crime_head,THEFT,158776,0.094807,0.1219,1.28,"In 12% of Ipc 1860 cases, Theft also appears (158,776 cases, 1.3x more often than chance)."
co_occurrence,crime_head,THEFT,act,IPC 1860,158776,0.094807,0.9985,1.28,"In 100% of Theft cases, Ipc 1860 also appears (158,776 cases, 1.3x more often than chance)."
co_occurrence,crime_head,NEGLIGENT ACT,act,IPC 1860,22617,0.013505,0.9981,1.28,"In 100% of Negligent Act cases, Ipc 1860 also appears (22,617 cases, 1.3x more often than chance)."
co_occurrence,crime_head,ATTEMPT TO MURDER,act,IPC 1860,20781,0.012409,0.9983,1.28,"In 100% of Attempt To Murder cases, Ipc 1860 also appears (20,781 cases, 1.3x more often than chance)."
co_occurrence,act,"DOWRY PROHIBITION ACT, 1961",act,IPC 1860,18594,0.011103,0.9984,1.28,"In 100% of Dowry Prohibition Act, 1961 cases, Ipc 1860 also appears (18,594 cases, 1.3x more often than chance)."
co_occurrence,crime_head,OFFENCES AGAINST PUBLIC SERVANTS (Public servant is a victim),act,IPC 1860,9952,0.005942,0.9988,1.28,"In 100% of Offences Against Public Servants (Public Servant Is A Victim) cases, Ipc 1860 also appears (9,952 cases, 1.3x more often than chance)."
co_occurrence,crime_head,SUICIDE,act,IPC 1860,6067,0.003623,0.9988,1.28,"In 100% of Suicide cases, Ipc 1860 also appears (6,067 cases, 1.3x more often than chance)."
co_occurrence,crime_head,DACOITY,act,IPC 1860,5253,0.003137,0.9956,1.28,"In 100% of Dacoity cases, Ipc 1860 also appears (5,253 cases, 1.3x more often than chance)."
spatial_affinity,district,Mysuru City,crime_head,THEFT,3715,0.002218,0.1218,1.28,"12% of all cases filed in Mysuru City are Theft (3,715 cases, 1.3x the state average)."
co_occurrence,crime_head,MISCHIEF,act,IPC 1860,3551,0.00212,0.9947,1.28,"In 99% of Mischief cases, Ipc 1860 also appears (3,551 cases, 1.3x more often than chance)."
co_occurrence,crime_head,FORGERY,act,IPC 1860,3314,0.001979,0.9991,1.28,"In 100% of Forgery cases, Ipc 1860 also appears (3,314 cases, 1.3x more often than chance)."
co_occurrence,crime_head,DEATHS DUE TO RASHNESS/NEGLIGENCE,act,IPC 1860,2973,0.001775,0.999,1.28,"In 100% of Deaths Due To Rashness/Negligence cases, Ipc 1860 also appears (2,973 cases, 1.3x more often than chance)."
co_occurrence,crime_head,Disobedience to Order Promulgated by PublicServan,act,IPC 1860,2703,0.001614,0.9963,1.28,"In 100% of Disobedience To Order Promulgated By Publicservan cases, Ipc 1860 also appears (2,703 cases, 1.3x more often than chance)."
co_occurrence,crime_head,ELECTION,act,IPC 1860,2627,0.001569,0.9921,1.28,"In 99% of Election cases, Ipc 1860 also appears (2,627 cases, 1.3x more often than chance)."
co_occurrence,crime_head,ARSON,act,IPC 1860,2548,0.001521,0.9992,1.28,"In 100% of Arson cases, Ipc 1860 also appears (2,548 cases, 1.3x more often than chance)."
spatial_affinity,district,Hubballi-Dharwad City,crime_head,CrPC,2539,0.001516,0.1054,1.28,"11% of all cases filed in Hubballi-Dharwad City are Crpc (2,539 cases, 1.3x the state average)."
co_occurrence,crime_head,COMMUNAL / RELIGION,act,IPC 1860,1952,0.001166,0.9985,1.28,"In 100% of Communal / Religion cases, Ipc 1860 also appears (1,952 cases, 1.3x more often than chance)."
co_occurrence,act,(n) PROTECTION OF CHILDREN FROM SEXUAL OFFENCES ACT 2012,act,IPC 1860,1884,0.001125,0.9958,1.28,"In 100% of (N) Protection Of Children From Sexual Offences Act 2012 cases, Ipc 1860 also appears (1,884 cases, 1.3x more often than chance)."
co_occurrence,crime_head,Attempting to commit offences,act,IPC 1860,1504,0.000898,0.9993,1.28,"In 100% of Attempting To Commit Offences cases, Ipc 1860 also appears (1,504 cases, 1.3x more often than chance)."
co_occurrence,crime_head,DOWRY DEATHS,act,IPC 1860,1478,0.000883,0.996,1.28,"In 100% of Dowry Deaths cases, Ipc 1860 also appears (1,478 cases, 1.3x more often than chance)."
co_occurrence,crime_head,CULPABLE HOMICIDE NOT AMOUNTING TO MURDER,act,IPC 1860,660,0.000394,0.9925,1.28,"In 99% of Culpable Homicide Not Amounting To Murder cases, Ipc 1860 also appears (660 cases, 1.3x more often than chance)."
co_occurrence,crime_head,MURDER,act,IPC 1860,10634,0.00635,0.9879,1.27,"In 99% of Murder cases, Ipc 1860 also appears (10,634 cases, 1.3x more often than chance)."
spatial_affinity,district,Bagalkote,crime_head,CrPC,2947,0.00176,0.1048,1.27,"10% of all cases filed in Bagalkote are Crpc (2,947 cases, 1.3x the state average)."
co_occurrence,act,"THE CENTRAL MOTOR VEHICLES RULES, 1989",act,IPC 1860,1133,0.000677,0.9878,1.27,"In 99% of The Central Motor Vehicles Rules, 1989 cases, Ipc 1860 also appears (1,133 cases, 1.3x more often than chance)."
co_occurrence,act,MMDR (MINES AND MINERALS REGULATION OF DEVELOPMENT) ACT 1957,act,IPC 1860,17407,0.010394,0.9818,1.26,"In 98% of Mmdr (Mines And Minerals Regulation Of Development) Act 1957 cases, Ipc 1860 also appears (17,407 cases, 1.3x more often than chance)."
co_occurrence,crime_head,RAPE,act,IPC 1860,3974,0.002373,0.9783,1.26,"In 98% of Rape cases, Ipc 1860 also appears (3,974 cases, 1.3x more often than chance)."
spatial_affinity,district,Dharwad,crime_head,CrPC,1539,0.000919,0.1035,1.26,"10% of all cases filed in Dharwad are Crpc (1,539 cases, 1.3x the state average)."
co_occurrence,act,"PREVENTION OF DESTRUCTION AND LOSS OF PROPERTY ACT, 1981",act,IPC 1860,870,0.000519,0.9764,1.26,"In 98% of Prevention Of Destruction And Loss Of Property Act, 1981 cases, Ipc 1860 also appears (870 cases, 1.3x more often than chance)."
co_occurrence,act,KARNATAKA MINOR MINERAL CONSISTENT RULE 1994,act,IPC 1860,10056,0.006005,0.9741,1.25,"In 97% of Karnataka Minor Mineral Consistent Rule 1994 cases, Ipc 1860 also appears (10,056 cases, 1.3x more often than chance)."
spatial_affinity,crime_head,MISSING PERSON,district,Bengaluru City,39234,0.023427,0.3143,1.24,"Missing Person cases are 1.2x more concentrated in Bengaluru City than the statewide average (39,234 cases)."
co_occurrence,act,"PREVENTION OF DAMAGE TO PUBLIC PROPERTY ACT, 1984",act,IPC 1860,1138,0.00068,0.9636,1.24,"In 96% of Prevention Of Damage To Public Property Act, 1984 cases, Ipc 1860 also appears (1,138 cases, 1.2x more often than chance)."
co_occurrence,act,KARNATAKA PREVENTION OF DISTRUCTION & LOSS OF PROPERTY ACT 1981,act,IPC 1860,898,0.000536,0.9677,1.24,"In 97% of Karnataka Prevention Of Distruction & Loss Of Property Act 1981 cases, Ipc 1860 also appears (898 cases, 1.2x more often than chance)."
co_occurrence,act,"PREV. OF DAMAGE TO PUBLIC PROPERTY ACT, 1984",act,IPC 1860,833,0.000497,0.9675,1.24,"In 97% of Prev. Of Damage To Public Property Act, 1984 cases, Ipc 1860 also appears (833 cases, 1.2x more often than chance)."
co_occurrence,crime_head,POCSO,act,IPC 1860,19007,0.011349,0.9573,1.23,"In 96% of Pocso cases, Ipc 1860 also appears (19,007 cases, 1.2x more often than chance)."
spatial_affinity,district,Shivamogga,crime_head,CrPC,6210,0.003708,0.1012,1.23,"10% of all cases filed in Shivamogga are Crpc (6,210 cases, 1.2x the state average)."
co_occurrence,act,"THE DISASTER MANAGEMENT ACT, 2005",act,IPC 1860,4290,0.002562,0.9602,1.23,"In 96% of The Disaster Management Act, 2005 cases, Ipc 1860 also appears (4,290 cases, 1.2x more often than chance)."
co_occurrence,act,PROTECTION OF CHILDREN FROM SEXUAL OFFENCES ACT 2012,act,IPC 1860,16318,0.009744,0.9459,1.22,"In 95% of Protection Of Children From Sexual Offences Act 2012 cases, Ipc 1860 also appears (16,318 cases, 1.2x more often than chance)."
spatial_affinity,district,Vijayapura,crime_head,CrPC,3978,0.002375,0.1007,1.22,"10% of all cases filed in Vijayapura are Crpc (3,978 cases, 1.2x the state average)."
spatial_affinity,district,Udupi,crime_head,CrPC,2856,0.001705,0.1005,1.22,"10% of all cases filed in Udupi are Crpc (2,856 cases, 1.2x the state average)."
co_occurrence,act,KARNATAKA MINOR MINERAL CONSISTENT RULE 1994,crime_head,THEFT,1193,0.000712,0.1156,1.22,"In 12% of Karnataka Minor Mineral Consistent Rule 1994 cases, Theft also appears (1,193 cases, 1.2x more often than chance)."
spatial_affinity,district,Kodagu,crime_head,MOTOR VEHICLE ACCIDENTS NON-FATAL,3391,0.002025,0.1762,1.21,"18% of all cases filed in Kodagu are Motor Vehicle Accidents Non-Fatal (3,391 cases, 1.2x the state average)."
co_occurrence,crime_head,PREVENTION OF DAMAGE TO PUBLIC PROPERTY ACT 1984,act,IPC 1860,1149,0.000686,0.9441,1.21,"In 94% of Prevention Of Damage To Public Property Act 1984 cases, Ipc 1860 also appears (1,149 cases, 1.2x more often than chance)."
co_occurrence,act,"MOTOR VEHICLE ACT, 1954",act,IPC 1860,501,0.000299,0.9417,1.21,"In 94% of Motor Vehicle Act, 1954 cases, Ipc 1860 also appears (501 cases, 1.2x more often than chance)."
spatial_affinity,district,Belagavi City,crime_head,MOTOR VEHICLE ACCIDENTS NON-FATAL,3621,0.002162,0.1734,1.2,"17% of all cases filed in Belagavi City are Motor Vehicle Accidents Non-Fatal (3,621 cases, 1.2x the state average)."
spatial_affinity,district,Mysuru City,crime_head,MOTOR VEHICLE ACCIDENTS NON-FATAL,5252,0.003136,0.1721,1.19,"17% of all cases filed in Mysuru City are Motor Vehicle Accidents Non-Fatal (5,252 cases, 1.2x the state average)."
co_occurrence,act,KARNATAKA FOREST ACT 1963,act,IPC 1860,1037,0.000619,0.9275,1.19,"In 93% of Karnataka Forest Act 1963 cases, Ipc 1860 also appears (1,037 cases, 1.2x more often than chance)."
spatial_affinity,district,Mysuru,crime_head,MOTOR VEHICLE ACCIDENTS NON-FATAL,8666,0.005175,0.1713,1.18,"17% of all cases filed in Mysuru are Motor Vehicle Accidents Non-Fatal (8,666 cases, 1.2x the state average)."
spatial_affinity,district,Belagavi,crime_head,MOTOR VEHICLE ACCIDENTS NON-FATAL,10113,0.006039,0.1698,1.17,"17% of all cases filed in Belagavi are Motor Vehicle Accidents Non-Fatal (10,113 cases, 1.2x the state average)."
co_occurrence,act,MMDR (MINES AND MINERALS REGULATION OF DEVELOPMENT) ACT 1957,act,"INDIAN MOTOR VEHICLES ACT, 1988",2227,0.00133,0.1256,1.15,"In 13% of Mmdr (Mines And Minerals Regulation Of Development) Act 1957 cases, Indian Motor Vehicles Act, 1988 also appears (2,227 cases, 1.2x more often than chance)."
spatial_affinity,crime_head,MISCHIEF,district,Bengaluru City,1033,0.000617,0.2894,1.14,"Mischief cases are 1.1x more concentrated in Bengaluru City than the statewide average (1,033 cases)."
spatial_affinity,district,Chikkamagaluru,crime_head,MOTOR VEHICLE ACCIDENTS NON-FATAL,5839,0.003487,0.1645,1.13,"16% of all cases filed in Chikkamagaluru are Motor Vehicle Accidents Non-Fatal (5,839 cases, 1.1x the state average)."
co_occurrence,act,"THE EPIDEMIC DISEASES (AMENDMENT) ORDINANCE, 2020",act,IPC 1860,547,0.000327,0.8738,1.12,"In 87% of The Epidemic Diseases (Amendment) Ordinance, 2020 cases, Ipc 1860 also appears (547 cases, 1.1x more often than chance)."
spatial_affinity,district,Shivamogga,crime_head,MOTOR VEHICLE ACCIDENTS NON-FATAL,9851,0.005882,0.1606,1.11,"16% of all cases filed in Shivamogga are Motor Vehicle Accidents Non-Fatal (9,851 cases, 1.1x the state average)."
spatial_affinity,crime_head,BURGLARY - DAY,district,Bengaluru City,2330,0.001391,0.2826,1.11,"Burglary - Day cases are 1.1x more concentrated in Bengaluru City than the statewide average (2,330 cases)."
spatial_affinity,district,Davanagere,crime_head,MOTOR VEHICLE ACCIDENTS NON-FATAL,6194,0.003698,0.1587,1.09,"16% of all cases filed in Davanagere are Motor Vehicle Accidents Non-Fatal (6,194 cases, 1.1x the state average)."
spatial_affinity,district,Kolar,crime_head,MOTOR VEHICLE ACCIDENTS NON-FATAL,3690,0.002203,0.156,1.08,"16% of all cases filed in Kolar are Motor Vehicle Accidents Non-Fatal (3,690 cases, 1.1x the state average)."
spatial_affinity,district,Kalaburagi City,crime_head,MOTOR VEHICLE ACCIDENTS NON-FATAL,3168,0.001892,0.1567,1.08,"16% of all cases filed in Kalaburagi City are Motor Vehicle Accidents Non-Fatal (3,168 cases, 1.1x the state average)."
co_occurrence,act,KARNATAKA LAND REVENUE ACT 1964,act,IPC 1860,957,0.000571,0.8432,1.08,"In 84% of Karnataka Land Revenue Act 1964 cases, Ipc 1860 also appears (957 cases, 1.1x more often than chance)."
co_occurrence,act,Scheduled Castes and Scheduled Tribes (Prevention of Atrocities) Amendment Ordinance 2014,act,IPC 1860,1555,0.000929,0.8298,1.07,"In 83% of Scheduled Castes And Scheduled Tribes (Prevention Of Atrocities) Amendment Ordinance 2014 cases, Ipc 1860 also appears (1,555 cases, 1.1x more often than chance)."
co_occurrence,crime_head,SCHEDULED CASTE AND THE SCHEDULED TRIBES,act,IPC 1860,11667,0.006966,0.8219,1.06,"In 82% of Scheduled Caste And The Scheduled Tribes cases, Ipc 1860 also appears (11,667 cases, 1.1x more often than chance)."
co_occurrence,act,"SC AND THE ST (PREVENTION OF ATTROCITIES) ACT, 1989",act,IPC 1860,7394,0.004415,0.8282,1.06,"In 83% of Sc And The St (Prevention Of Attrocities) Act, 1989 cases, Ipc 1860 also appears (7,394 cases, 1.1x more often than chance)."
spatial_affinity,district,Kalaburagi City,crime_head,THEFT,2030,0.001212,0.1004,1.06,"10% of all cases filed in Kalaburagi City are Theft (2,030 cases, 1.1x the state average)."
spatial_affinity,district,Dharwad,crime_head,MOTOR VEHICLE ACCIDENTS NON-FATAL,2273,0.001357,0.1529,1.05,"15% of all cases filed in Dharwad are Motor Vehicle Accidents Non-Fatal (2,273 cases, 1.1x the state average)."
co_occurrence,act,"The Scheduled Castes and the Scheduled Tribes (Prevention of Atrocities) Amendment Bill, 2015",act,IPC 1860,943,0.000563,0.82,1.05,"In 82% of The Scheduled Castes And The Scheduled Tribes (Prevention Of Atrocities) Amendment Bill, 2015 cases, Ipc 1860 also appears (943 cases, 1.1x more often than chance)."
co_occurrence,act,INFORMATION TECHNOLOGY ACT 2008,act,IPC 1860,21676,0.012943,0.8054,1.04,"In 81% of Information Technology Act 2008 cases, Ipc 1860 also appears (21,676 cases, 1.0x more often than chance)."
spatial_affinity,district,Haveri,crime_head,MOTOR VEHICLE ACCIDENTS NON-FATAL,4503,0.002689,0.1513,1.04,"15% of all cases filed in Haveri are Motor Vehicle Accidents Non-Fatal (4,503 cases, 1.0x the state average)."
co_occurrence,act,CHILD MARRIAGE RESTRAINT ACT,act,IPC 1860,1198,0.000715,0.7923,1.02,"In 79% of Child Marriage Restraint Act cases, Ipc 1860 also appears (1,198 cases, 1.0x more often than chance)."
co_occurrence,act,Prohibition of Child Marriage Act 2006,act,IPC 1860,2173,0.001298,0.7836,1.01,"In 78% of Prohibition Of Child Marriage Act 2006 cases, Ipc 1860 also appears (2,173 cases, 1.0x more often than chance)."
