community_id,size,n_crime_heads,n_acts,total_cases,top_entity,members,top_districts,theme,description
0,102,12,90,742492,MOTOR VEHICLE ACCIDENTS NON-FATAL,"MOTOR VEHICLE ACCIDENTS NON-FATAL; INDIAN MOTOR VEHICLES ACT, 1988; THEFT; CODE OF CRIMINAL PROCEDURE, 1973; CrPC; Karnataka State Local Act; MOTOR VEHICLE ACCIDENTS FATAL; NEGLIGENT ACT",Bengaluru City; Bengaluru Rural; Tumakuru,Motor Vehicle Accidents Non-Fatal,"Cluster of crime types Motor Vehicle Accidents Non-Fatal, Theft, Crpc; charged under Indian Motor Vehicles Act, 1988, Code Of Criminal Procedure, 1973; most active in Bengaluru City, Bengaluru Rural, Tumakuru."
2,92,52,40,408680,IPC 1860,IPC 1860; MISSING PERSON; CYBER CRIME; INFORMATION TECHNOLOGY ACT 2000; CHEATING; MOLESTATION; BURGLARY - NIGHT; INFORMATION TECHNOLOGY ACT 2008,Bengaluru City; Bengaluru Rural; Shivamogga,Missing Person,"Cluster of crime types Missing Person, Cyber Crime, Cheating; charged under Ipc 1860, Information Technology Act 2000; most active in Bengaluru City, Bengaluru Rural, Shivamogga."
5,27,14,13,254922,CASES OF HURT,CASES OF HURT; RIOTS; ATTEMPT TO MURDER; CRIMINAL INTIMIDATION; ROBBERY; CRIMINAL TRESPASS; OFFENCES AGAINST PUBLIC SERVANTS (Public servant is a victim); DACOITY,Bengaluru City; Shivamogga; Hassan,Cases Of Hurt,"Cluster of crime types Cases Of Hurt, Riots, Attempt To Murder; charged under Arms Act, 1959, Indian Arms Act, 1959; most active in Bengaluru City, Shivamogga, Hassan."
4,32,8,24,160592,KARNATAKA POLICE ACT 1963,"KARNATAKA POLICE ACT 1963; KARNATAKA POLICE ACT, 1963; KARNATAKA EXCISE ACT, 1965; PUBLIC SAFETY; KARNATAKA POLICE (AMENDMENT) ACT, 2021; THE DISASTER MANAGEMENT ACT, 2005; THE KARNATAKA EPIDEMIC DISEASES ACT, 2020; COTPA, CIGARETTES AND OTHER TOBACCO PRODUCTS",Bengaluru City; Belagavi; Vijayapura,Karnataka Police Act 1963,"Cluster of crime types Karnataka Police Act 1963, Public Safety, Cotpa, Cigarettes And Other Tobacco Products; charged under Karnataka Police Act, 1963, Karnataka Excise Act, 1965; most active in Bengaluru City, Belagavi, Vijayapura."
3,77,3,74,45882,KIDNAPPING AND ABDUCTION,"KIDNAPPING AND ABDUCTION; POCSO; PROTECTION OF CHILDREN FROM SEXUAL OFFENCES ACT 2012; Prohibition of Child Marriage Act 2006; CHILDREN ACT; (n) PROTECTION OF CHILDREN FROM SEXUAL OFFENCES ACT 2012; CHILD MARRIAGE RESTRAINT ACT; Juvenile Justice (Care and Protection of Children) Act, 2015",Bengaluru City; Bengaluru Rural; Shivamogga,Kidnapping And Abduction,"Cluster of crime types Kidnapping And Abduction, Pocso, Children Act; charged under Protection Of Children From Sexual Offences Act 2012, Prohibition Of Child Marriage Act 2006; most active in Bengaluru City, Bengaluru Rural, Shivamogga."
1,100,3,97,29022,SCHEDULED CASTE AND THE SCHEDULED TRIBES,"SCHEDULED CASTE AND THE SCHEDULED TRIBES; MURDER; SC AND THE ST (PREVENTION OF ATTROCITIES) ACT, 1989; The SC & ST (Prevention of Atrocities) Amendment Act 2015; RAPE; Scheduled Castes and Scheduled Tribes (Prevention of Atrocities) Amendment Ordinance 2014; The Scheduled Castes and the Scheduled Tribes (Prevention of Atrocities) Amendment Bill, 2015; (r),3(1)(s) IPC 1860",Bengaluru City; Belagavi; Bengaluru Rural,Scheduled Caste And The Scheduled Tribes,"Cluster of crime types Scheduled Caste And The Scheduled Tribes, Murder, Rape; charged under Sc And The St (Prevention Of Attrocities) Act, 1989, The Sc & St (Prevention Of Atrocities) Amendment Act 2015; most active in Bengaluru City, Belagavi, Bengaluru Rural."
7,21,3,18,28523,NARCOTIC DRUGS & PSHYCOTROPIC SUBSTANCES,"NARCOTIC DRUGS & PSHYCOTROPIC SUBSTANCES; NARCOTIC DRUGS AND PSYCHOTROPIC SUBSTANCES ACT, 1985; NARCOTIC DRUGS & PSYCHOTROPIC SUBSTANCES ACT, 1985; FOREIGNERS ACT, 1946; PASSPORTS ACT, 1967; FOREIGNER; PASSPORT ACT; (B) IPC 1860",Bengaluru City; Mangaluru City; Udupi,Narcotic Drugs & Pshycotropic Substances,"Cluster of crime types Narcotic Drugs & Pshycotropic Substances, Foreigner, Passport Act; charged under Narcotic Drugs And Psychotropic Substances Act, 1985, Narcotic Drugs & Psychotropic Substances Act, 1985; most active in Bengaluru City, Mangaluru City, Udupi."
6,25,1,24,3717,CONSUMER,"CONSUMER; ESSENTIAL COMMODITIES ACT, 1955; KARNATAKA ESSENTIAL COMMODITIES (PUBLIC DISTRIBUTION SYSTEM) PUBLIC CONTROL ORDER 2016; PDS CONTROLING ORDER, 1992; LIQUIFIED PETROLEUM GAS SUPPLY & CONTROL ORDER 2000; Karnataka Essential Commodities (Storage Accounts Maintaining Value Notification) Order 1981; KARNATAKA ESSENTIAL COMMODITIES( PUBLIC DISTRIBUTION SYSTEM) PUBLIC CONTROL ORDER 1992; GAS SUPPLY ACT(LPG ACT REGULATION AND SUPPLY DISTRIBUTION ORDER 2000),1939",Ballari; Bengaluru City; Bidar,Consumer,"Cluster of crime types Consumer; charged under Essential Commodities Act, 1955, Karnataka Essential Commodities (Public Distribution System) Public Control Order 2016; most active in Ballari, Bengaluru City, Bidar."
8,7,1,6,871,EXPLOSIVES,"EXPLOSIVES; EXPLOSIVE ACT, 1884; EXPLOSIVE SUBSTANCES ACT, 1908; EXPLOSIVES ACT, 1884; Explosive Rules 2008; (b) IPC 1860; (b) EXPLOSIVE SUBSTANCES ACT, 1908",Mandya; Bengaluru Rural; Bengaluru City,Explosives,"Cluster of crime types Explosives; charged under Explosive Act, 1884, Explosive Substances Act, 1908; most active in Mandya, Bengaluru Rural, Bengaluru City."
