unit_name,canonical_name,parent_district,kgis_code,count,n_with_coord,mean_lat,mean_lng
Amengad PS,Bagalkote,Bagalkote,02,1310,1310,16.051777,75.925074
Badami PS,Bagalkote,Bagalkote,02,1671,1671,15.918358,75.665075
Bagalkot CEN Crime PS,Bagalkote,Bagalkote,02,230,230,16.182087,75.625045
Bagalkot Rural PS,Bagalkote,Bagalkote,02,2070,2070,16.187954,75.727541
Bagalkot Town PS,Bagalkote,Bagalkote,02,950,950,16.158805,75.665235
Bagalkot Traffic PS,Bagalkote,Bagalkote,02,527,527,16.253659,75.607051
Bagalkot Women PS,Bagalkote,Bagalkote,02,203,203,16.143633,75.665545
Banahatti PS,Bagalkote,Bagalkote,02,1157,1157,16.471525,75.139408
Bilagi PS,Bagalkote,Bagalkote,02,1765,1765,16.348923,75.59725
Guledagudda PS,Bagalkote,Bagalkote,02,905,905,16.002898,75.750732
Hungunda PS,Bagalkote,Bagalkote,02,1602,1602,16.075839,76.057274
Ilakal PS,Bagalkote,Bagalkote,02,1173,1173,15.919712,76.105256
Ilakal Rural PS,Bagalkote,Bagalkote,02,921,921,15.972352,76.133668
Jamakhandi Rural PS,Bagalkote,Bagalkote,02,1461,1461,16.506945,75.284001
Jamakhandi Town PS,Bagalkote,Bagalkote,02,1276,1276,16.502149,75.279038
Kaladagi PS,Bagalkote,Bagalkote,02,1005,1005,16.200236,75.515532
Kerur PS,Bagalkote,Bagalkote,02,1687,1687,16.023443,75.543191
Lokapur PS,Bagalkote,Bagalkote,02,1293,1293,16.170585,75.355579
Mahalingapur PS,Bagalkote,Bagalkote,02,1123,1123,16.395999,75.107441
Mudhol PS,Bagalkote,Bagalkote,02,2508,2508,16.333223,75.284209
Navanagara PS,Bagalkote,Bagalkote,02,1250,1250,16.159934,75.66073
Savalgi PS,Bagalkote,Bagalkote,02,1193,1193,16.65756,75.356073
Teradal PS,Bagalkote,Bagalkote,02,843,843,16.488702,75.058825
APMC Yard PS,Ballari,Ballari,12,651,651,15.803103,74.756973
Ballari CEN Crime PS,Ballari,Ballari,12,381,381,15.147067,76.89582
Ballari Women PS,Ballari,Ballari,12,1343,1343,15.153126,76.919392
Bellary Rural PS,Ballari,Ballari,12,3177,3177,15.279366,76.832423
Bellary Traffic PS,Ballari,Ballari,12,1284,1284,15.336725,76.809038
Brucepet PS,Ballari,Ballari,12,2110,2110,15.32994,76.820229
Choranuru PS,Ballari,Ballari,12,251,251,14.935463,76.525822
Cowlbazar PS,Ballari,Ballari,12,2298,2298,15.139062,76.898413
Gadiganur PS,Ballari,Ballari,12,566,566,15.225608,76.588908
Gandhinagar PS,Ballari,Ballari,12,1396,1396,15.146128,76.929863
Hatcholli PS,Ballari,Ballari,12,557,557,15.787107,76.987346
Kampli  PS,Ballari,Ballari,12,1446,1446,15.403757,76.59965
Kuduthini PS,Ballari,Ballari,12,1314,1314,15.210501,76.759846
Kurugod PS,Ballari,Ballari,12,2004,2004,15.342843,76.834986
Moka PS,Ballari,Ballari,12,1288,1288,15.249846,77.055649
P.D. Halli PS,Ballari,Ballari,12,791,791,15.142733,77.054483
Sandur PS,Ballari,Ballari,12,1532,1532,15.083099,76.54209
Sirigeri PS,Ballari,Ballari,12,1189,1189,15.441214,76.85289
Siruguppa PS,Ballari,Ballari,12,2441,2441,15.636933,76.900104
Tekkalkota PS,Ballari,Ballari,12,1128,1128,15.536431,76.862539
Thoranagal PS,Ballari,Ballari,12,1279,1279,15.192423,76.670988
Aigali PS,Belagavi,Belagavi,01,1517,1517,16.773908,75.248388
Ankalgi PS,Belagavi,Belagavi,01,736,736,16.0289,74.69647
Ankali PS,Belagavi,Belagavi,01,1011,1011,16.539138,74.670086
Athani PS,Belagavi,Belagavi,01,3848,3848,16.727514,75.054634
Bailahongal PS,Belagavi,Belagavi,01,2631,2631,15.80271,74.841263
Basaweshwar Chowk PS,Belagavi,Belagavi,01,690,690,16.416068,74.379249
Belagavi CEN Crime PS,Belagavi,Belagavi,01,194,194,16.046859,74.714013
Belagavi Women PS,Belagavi,Belagavi,01,15,15,15.706733,75.016979
Chikkodi PS,Belagavi,Belagavi,01,2344,2344,16.407384,74.599543
Chikkodi Town Traffic PS,Belagavi,Belagavi,01,575,575,16.287253,74.741541
Doddawad PS,Belagavi,Belagavi,01,832,832,15.684064,74.936989
Ghataprabha PS,Belagavi,Belagavi,01,2433,2433,16.241197,74.788464
Gokak Rural PS,Belagavi,Belagavi,01,1922,1922,16.138373,74.812563
Gokak Town PS,Belagavi,Belagavi,01,1649,1649,16.165455,74.820666
Harugeri PS,Belagavi,Belagavi,01,1827,1827,16.498523,74.941894
Hukkeri PS,Belagavi,Belagavi,01,1710,1710,16.2429,74.618012
Kagwad PS,Belagavi,Belagavi,01,1784,1784,16.689021,74.764862
Katkol PS,Belagavi,Belagavi,01,1902,1902,15.988234,75.161436
Khadakalat PS,Belagavi,Belagavi,01,599,599,16.433034,74.472858
Khanapur PS,Belagavi,Belagavi,01,2956,2956,15.637681,74.495936
Kittur PS,Belagavi,Belagavi,01,2026,2026,15.612813,74.779654
Kudachi PS,Belagavi,Belagavi,01,1379,1379,16.607816,74.856085
Kulgod PS,Belagavi,Belagavi,01,1436,1436,16.234549,75.047816
Mudalgi PS,Belagavi,Belagavi,01,1579,1579,16.332455,74.960901
Murgod PS,Belagavi,Belagavi,01,2628,2628,15.886334,74.949598
Nandagad PS,Belagavi,Belagavi,01,1557,1557,15.575878,74.605147
Nesargi PS,Belagavi,Belagavi,01,1025,1025,15.904539,74.772631
Nippani Rural PS,Belagavi,Belagavi,01,1311,1311,16.418981,74.369665
Nippani Town PS,Belagavi,Belagavi,01,1140,1140,16.393567,74.382447
Raibag PS,Belagavi,Belagavi,01,2747,2747,16.474299,74.779694
Ramadurga PS,Belagavi,Belagavi,01,1810,1810,15.947172,75.31563
Sadalaga PS,Belagavi,Belagavi,01,1732,1732,16.541211,74.510936
Sankeshwar PS,Belagavi,Belagavi,01,2301,2301,16.256747,74.47283
Soundatti PS,Belagavi,Belagavi,01,3262,3262,15.774122,75.11848
Yamakanmardi PS,Belagavi,Belagavi,01,2461,2461,16.126142,74.537098
APMC Yard PS,Belagavi City,Belagavi,01,1662,1662,15.883686,74.508655
Bagewadi PS,Belagavi City,Belagavi,01,1303,1303,15.757716,74.610229
Belagavi City CEN Crime PS,Belagavi City,Belagavi,01,425,425,15.867174,74.522902
Belagavi City Women PS,Belagavi City,Belagavi,01,676,676,15.859523,74.512491
Belagavi Rural PS,Belagavi City,Belagavi,01,1803,1803,15.816825,74.492669
Belgaum North Traffic PS,Belagavi City,Belagavi,01,1359,1359,15.953337,74.812425
Belgaum South Traffic PS,Belagavi City,Belagavi,01,1030,1030,16.006749,74.704265
Camp PS,Belagavi City,Belagavi,01,857,857,16.048991,74.748364
Kakati PS,Belagavi City,Belagavi,01,2264,2264,15.936556,74.513062
Khadebazar PS,Belagavi City,Belagavi,01,1071,1071,15.861264,74.511043
Malamaruthi PS,Belagavi City,Belagavi,01,1649,1649,15.877405,74.533525
Marihal PS,Belagavi City,Belagavi,01,1677,1677,15.885376,74.648654
Market PS,Belagavi City,Belagavi,01,2081,2081,16.041581,74.744861
Shahapura PS,Belagavi City,Belagavi,01,1075,1075,15.834723,74.51657
Tilakwadi PS,Belagavi City,Belagavi,01,1108,1108,15.831037,74.506129
Udyambag PS,Belagavi City,Belagavi,01,837,837,15.819094,74.491816
Adugodi PS,Bengaluru City,Bengaluru Urban,20,2181,2181,12.942321,77.606476
Adugodi Traffic PS,Bengaluru City,Bengaluru Urban,20,1191,1191,12.934413,77.592743
Airport PS,Bengaluru City,Bengaluru Urban,20,232,232,12.63009,77.42509
Airport Traffic PS,Bengaluru City,Bengaluru Urban,20,1267,1267,12.9011,77.581127
Amruthahally PS,Bengaluru City,Bengaluru Urban,20,2149,2149,13.065601,77.582411
Annapoorneshwari Nagar PS,Bengaluru City,Bengaluru Urban,20,2609,2609,12.962372,77.509933
Ashoknagar PS,Bengaluru City,Bengaluru Urban,20,3496,3496,12.932291,77.590994
Ashoknagar Traffic PS,Bengaluru City,Bengaluru Urban,20,1329,1329,12.945042,77.558537
BIAL PS,Bengaluru City,Bengaluru Urban,20,867,867,13.199009,77.699088
Bagalagunte PS,Bengaluru City,Bengaluru Urban,20,3261,3261,13.073245,77.491369
Bagalur PS,Bengaluru City,Bengaluru Urban,20,1927,1927,13.136665,77.664878
Banasawadi Traffic PS,Bengaluru City,Bengaluru Urban,20,1634,1634,12.956017,77.554456
Banashankari PS,Bengaluru City,Bengaluru Urban,20,2644,2644,12.916191,77.56471
Banashankari Traffic PS,Bengaluru City,Bengaluru Urban,20,2041,2041,12.937068,77.550832
Banaswadi PS,Bengaluru City,Bengaluru Urban,20,5623,5623,13.03299,77.629713
Bandepalya PS,Bengaluru City,Bengaluru Urban,20,1768,1768,12.899802,77.639311
Basavanagudi PS,Bengaluru City,Bengaluru Urban,20,1975,1975,12.928849,77.585261
Basavanagudi Traffic PS,Bengaluru City,Bengaluru Urban,20,1739,1739,12.944399,77.55599
Basavanagudi Women PS,Bengaluru City,Bengaluru Urban,20,1476,1476,12.925785,77.565199
Basaveshwara Nagar PS,Bengaluru City,Bengaluru Urban,20,2910,2910,12.960126,77.539759
Beguru PS,Bengaluru City,Bengaluru Urban,20,2156,2156,12.8464,77.596888
Bellanduru PS,Bengaluru City,Bengaluru Urban,20,2840,2840,12.916117,77.671467
Bellanduru Traffic PS,Bengaluru City,Bengaluru Urban,20,195,195,12.933423,77.602542
Bharathi Nagar PS,Bengaluru City,Bengaluru Urban,20,1568,1568,12.990795,77.610877
Bommanahalli PS,Bengaluru City,Bengaluru Urban,20,3132,3132,12.908734,77.623206
Bowring Hospital PS,Bengaluru City,Bengaluru Urban,20,8,8,12.948223,77.55669
Byadarahalli PS,Bengaluru City,Bengaluru Urban,20,5072,5072,12.980359,77.486053
Byappanahalli PS,Bengaluru City,Bengaluru Urban,20,2048,2048,12.98457,77.658148
Byatarayanapura  PS,Bengaluru City,Bengaluru Urban,20,3599,3599,12.929933,77.531941
Byatrarayanapura Traffic PS,Bengaluru City,Bengaluru Urban,20,2866,2866,12.947802,77.543973
Central CEN Crime PS,Bengaluru City,Bengaluru Urban,20,3246,3246,12.938914,77.573779
Chamarajpet PS,Bengaluru City,Bengaluru Urban,20,1729,1729,12.953037,77.560711
Chandra Layout PS,Bengaluru City,Bengaluru Urban,20,3559,3559,12.912491,77.502375
Channammanakere Achu Kattu PS,Bengaluru City,Bengaluru Urban,20,2733,2733,12.912693,77.559712
Chickabanavara Traffic PS,Bengaluru City,Bengaluru Urban,20,16,16,13.116992,77.502445
Chickpet PS,Bengaluru City,Bengaluru Urban,20,91,91,12.954995,77.557211
Chickpet Traffic PS,Bengaluru City,Bengaluru Urban,20,1468,1468,12.949548,77.553615
Chikkajala PS,Bengaluru City,Bengaluru Urban,20,1292,1292,13.169458,77.629799
Chikkajala Traffic PS,Bengaluru City,Bengaluru Urban,20,2441,2441,12.954444,77.547201
City Market PS,Bengaluru City,Bengaluru Urban,20,1900,1900,12.963702,77.57531
City Market Traffic PS,Bengaluru City,Bengaluru Urban,20,2081,2081,12.948454,77.556838
Commercial Street PS,Bengaluru City,Bengaluru Urban,20,1502,1502,12.980253,77.606672
Cottonpet PS,Bengaluru City,Bengaluru Urban,20,2227,2227,12.955719,77.564183
Cubbon Park PS,Bengaluru City,Bengaluru Urban,20,1565,1565,12.970132,77.597478
Cubbonpark Traffic PS,Bengaluru City,Bengaluru Urban,20,1034,1034,12.951064,77.558867
Cyber Crime Police Station,Bengaluru City,Bengaluru Urban,20,16860,16860,12.982048,77.586231
Devanahalli PS,Bengaluru City,Bengaluru Urban,20,1222,1222,13.246982,77.705197
Devanahalli Traffic PS,Bengaluru City,Bengaluru Urban,20,2961,2961,13.079821,77.609632
Devarajeevanahalli PS,Bengaluru City,Bengaluru Urban,20,3222,3222,13.015526,77.609543
East CEN Crime PS,Bengaluru City,Bengaluru Urban,20,3572,3572,12.898254,77.603479
East Zone Women PS,Bengaluru City,Bengaluru Urban,20,1181,1181,12.98035,77.595323
Electronic City PS,Bengaluru City,Bengaluru Urban,20,2966,2966,12.824181,77.647456
Electronic City Traffic PS,Bengaluru City,Bengaluru Urban,20,1825,1825,12.882393,77.524634
Gangammana Gudi PS,Bengaluru City,Bengaluru Urban,20,1195,1195,13.072959,77.528631
Girinagar PS,Bengaluru City,Bengaluru Urban,20,2781,2781,12.9155,77.536888
Govindapura PS,Bengaluru City,Bengaluru Urban,20,820,820,13.033368,77.616913
Govindaraja Nagar PS,Bengaluru City,Bengaluru Urban,20,894,894,12.972404,77.528498
H.A.L. PS,Bengaluru City,Bengaluru Urban,20,4639,4639,12.949361,77.679139
HSR Lay Out Traffic PS,Bengaluru City,Bengaluru Urban,20,938,938,12.92966,77.602548
HSR Layout PS,Bengaluru City,Bengaluru Urban,20,3644,3644,12.942141,77.557041
Halasur Gate Traffic PS,Bengaluru City,Bengaluru Urban,20,965,965,12.953043,77.562661
Halasur PS,Bengaluru City,Bengaluru Urban,20,3149,3149,12.973001,77.625462
Halasur Traffic PS,Bengaluru City,Bengaluru Urban,20,957,957,12.961307,77.604823
Halasurgate PS,Bengaluru City,Bengaluru Urban,20,2309,2309,12.967722,77.585076
Hanumanthanagar PS,Bengaluru City,Bengaluru Urban,20,2652,2652,12.936962,77.559561
Hebbal PS,Bengaluru City,Bengaluru Urban,20,2048,2048,13.038286,77.593623
Hebbal Traffic PS,Bengaluru City,Bengaluru Urban,20,2561,2561,12.96231,77.539984
Hennur PS,Bengaluru City,Bengaluru Urban,20,3368,3368,13.041417,77.644573
Hennur Traffic PS,Bengaluru City,Bengaluru Urban,20,210,210,12.985867,77.582341
High Grounds PS,Bengaluru City,Bengaluru Urban,20,1568,1568,12.833349,77.49271
High Grounds Traffic PS,Bengaluru City,Bengaluru Urban,20,1164,1164,12.951086,77.554655
Hulimavu PS,Bengaluru City,Bengaluru Urban,20,3167,3167,12.77241,77.535831
Hulimavu Traffic PS,Bengaluru City,Bengaluru Urban,20,1206,1206,12.640474,77.244226
Indiranagar PS,Bengaluru City,Bengaluru Urban,20,2547,2547,12.97999,77.63818
J.C. Nagar PS,Bengaluru City,Bengaluru Urban,20,1467,1467,13.003183,77.589953
Jagajeevanram Nagar PS,Bengaluru City,Bengaluru Urban,20,2053,2053,12.84265,77.484117
Jalahalli PS,Bengaluru City,Bengaluru Urban,20,1063,1063,13.047307,77.54711
Jalahalli Traffic PS,Bengaluru City,Bengaluru Urban,20,1349,1349,13.014623,77.528649
Jayanagar PS,Bengaluru City,Bengaluru Urban,20,2808,2808,12.886198,77.531277
Jayanagar Traffic PS,Bengaluru City,Bengaluru Urban,20,2003,2003,12.944449,77.550995
Jayaprakash Nagar PS,Bengaluru City,Bengaluru Urban,20,2801,2801,12.913345,77.586134
Jeevan Bheemanagar PS,Bengaluru City,Bengaluru Urban,20,3239,3239,12.965967,77.653156
Jeevan Bhima Nagar (Indiranagar) Traffic  PS,Bengaluru City,Bengaluru Urban,20,1351,1351,12.945867,77.565569
Jnanabharathi PS,Bengaluru City,Bengaluru Urban,20,2832,2832,12.932689,77.489776
Jnanabharathi Traffic PS,Bengaluru City,Bengaluru Urban,20,76,76,12.957379,77.500627
K G Halli Traffic PS,Bengaluru City,Bengaluru Urban,20,545,545,12.970124,77.566714
K.R. Puram PS,Bengaluru City,Bengaluru Urban,20,5344,5344,13.019494,77.686649
K.R.Puram Traffic PS,Bengaluru City,Bengaluru Urban,20,2866,2866,12.968786,77.600059
Kadugodi PS,Bengaluru City,Bengaluru Urban,20,2999,2999,12.995685,77.753849
Kadugondana Halli PS,Bengaluru City,Bengaluru Urban,20,4303,4303,13.024676,77.626043
Kalasipalya PS,Bengaluru City,Bengaluru Urban,20,1887,1887,12.95002,77.566402
Kamakshipalya PS,Bengaluru City,Bengaluru Urban,20,4293,4293,12.983015,77.525713
Kamakshipalya Traffic PS,Bengaluru City,Bengaluru Urban,20,2721,2721,12.936376,77.542222
Kempapura Agrahara PS,Bengaluru City,Bengaluru Urban,20,1745,1745,12.959812,77.5588
Kempegowda Nagar PS,Bengaluru City,Bengaluru Urban,20,1324,1324,12.94558,77.561132
Kengeri PS,Bengaluru City,Bengaluru Urban,20,3759,3759,12.889109,77.481053
Kengeri Traffic PS,Bengaluru City,Bengaluru Urban,20,1590,1590,12.922093,77.536191
Kodigehalli PS,Bengaluru City,Bengaluru Urban,20,2192,2192,13.06197,77.574363
Konanakunte PS,Bengaluru City,Bengaluru Urban,20,2930,2930,12.870752,77.566422
Koramangala PS,Bengaluru City,Bengaluru Urban,20,3274,3274,12.940168,77.621367
Kothanur PS,Bengaluru City,Bengaluru Urban,20,1940,1940,13.059403,77.643459
Kumaraswamy Layout PS,Bengaluru City,Bengaluru Urban,20,3222,3222,12.906659,77.562689
Kumaraswamy Layout Traffic PS,Bengaluru City,Bengaluru Urban,20,2725,2725,12.850404,77.550956
Madivala PS,Bengaluru City,Bengaluru Urban,20,3956,3956,12.937724,77.559024
Madivala Traffic PS,Bengaluru City,Bengaluru Urban,20,1219,1219,12.929376,77.587351
Magadi Road PS,Bengaluru City,Bengaluru Urban,20,2215,2215,12.952295,77.546837
Magadi Road Traffic PS,Bengaluru City,Bengaluru Urban,20,1028,1028,12.953421,77.549857
Mahadevapura PS,Bengaluru City,Bengaluru Urban,20,4776,4776,12.993127,77.691117
Mahadevapura Traffic PS,Bengaluru City,Bengaluru Urban,20,252,252,12.961783,77.620186
Mahalakshmipuram PS,Bengaluru City,Bengaluru Urban,20,2581,2581,13.043173,77.535933
Malleshwaram PS,Bengaluru City,Bengaluru Urban,20,1660,1660,12.934934,77.520949
Malleshwaram Traffic PS,Bengaluru City,Bengaluru Urban,20,2362,2362,12.981215,77.558726
Marathahalli PS,Bengaluru City,Bengaluru Urban,20,3535,3535,12.929714,77.684552
Mico Layout PS,Bengaluru City,Bengaluru Urban,20,3813,3813,12.901379,77.606061
Mico Layout Traffic PS,Bengaluru City,Bengaluru Urban,20,1062,1062,12.940703,77.560867
Nandini Layout PS,Bengaluru City,Bengaluru Urban,20,3407,3407,13.016432,77.532035
North CEN Crime PS,Bengaluru City,Bengaluru Urban,20,6259,6259,13.018005,77.558366
NorthEast CEN Crime PS,Bengaluru City,Bengaluru Urban,20,4772,4772,13.057859,77.593387
Parappana Agrahara PS,Bengaluru City,Bengaluru Urban,20,4016,4016,12.872784,77.664268
Peenya PS,Bengaluru City,Bengaluru Urban,20,4862,4862,13.035555,77.511893
Peenya Traffic PS,Bengaluru City,Bengaluru Urban,20,3003,3003,13.00908,77.522156
Pulakeshinagar  PS,Bengaluru City,Bengaluru Urban,20,2963,2963,12.99888,77.613354
Pulakeshinagar Traffic PS,Bengaluru City,Bengaluru Urban,20,977,977,12.95409,77.549405
Puttenahalli PS,Bengaluru City,Bengaluru Urban,20,2407,2407,12.90094,77.581393
R.M.C. Yard PS,Bengaluru City,Bengaluru Urban,20,2002,2002,12.981785,77.525752
R.T. Nagar PS,Bengaluru City,Bengaluru Urban,20,2872,2872,13.026062,77.582149
R.T.Nagar Traffic PS,Bengaluru City,Bengaluru Urban,20,1985,1985,13.01944,77.603649
Rajagopal Nagar PS,Bengaluru City,Bengaluru Urban,20,5384,5384,13.015517,77.498627
Rajajinagar PS,Bengaluru City,Bengaluru Urban,20,1610,1610,12.985265,77.553944
Rajajinagar Traffic PS,Bengaluru City,Bengaluru Urban,20,2465,2465,12.950082,77.48537
Rajarajeshwari Nagar PS,Bengaluru City,Bengaluru Urban,20,2690,2690,12.868983,77.507281
Ramamurthy Nagar PS,Bengaluru City,Bengaluru Urban,20,4857,4857,13.012433,77.658
S.J. Park PS,Bengaluru City,Bengaluru Urban,20,1051,1051,12.959813,77.582408
Sadashivanagar PS,Bengaluru City,Bengaluru Urban,20,1626,1626,13.020467,77.564227
Sadashivanagar Traffic PS,Bengaluru City,Bengaluru Urban,20,1394,1394,12.984961,77.542059
Sampangiramanagar PS,Bengaluru City,Bengaluru Urban,20,1194,1194,12.955132,77.587145
Sampigehalli PS,Bengaluru City,Bengaluru Urban,20,2471,2471,13.073725,77.629822
Sanjay Nagar PS,Bengaluru City,Bengaluru Urban,20,2237,2237,13.039983,77.561622
Seshadripuram PS,Bengaluru City,Bengaluru Urban,20,1158,1158,12.983454,77.572777
Shankarpura PS,Bengaluru City,Bengaluru Urban,20,432,432,12.928404,77.559684
Shivajinagar PS,Bengaluru City,Bengaluru Urban,20,1349,1349,12.985361,77.605377
Shivajinagar Traffic PS,Bengaluru City,Bengaluru Urban,20,1032,1032,12.959981,77.570518
Siddapura PS,Bengaluru City,Bengaluru Urban,20,2153,2153,12.930266,77.588487
Soladevanahalli PS,Bengaluru City,Bengaluru Urban,20,2844,2844,13.097607,77.497589
South CEN Crime PS,Bengaluru City,Bengaluru Urban,20,5890,5890,12.917412,77.571169
SouthEast CEN Crime PS,Bengaluru City,Bengaluru Urban,20,4978,4978,12.934077,77.624354
Srirampura PS,Bengaluru City,Bengaluru Urban,20,1478,1478,12.989386,77.564977
Subramanyanagar PS,Bengaluru City,Bengaluru Urban,20,2021,2021,12.98253,77.551624
Subramanyapura PS,Bengaluru City,Bengaluru Urban,20,3713,3713,12.889149,77.540652
Suddaguntepalya PS,Bengaluru City,Bengaluru Urban,20,2472,2472,12.918778,77.600526
Thalaghattapura PS,Bengaluru City,Bengaluru Urban,20,2870,2870,12.861576,77.535174
Thalaghattapura Traffic PS,Bengaluru City,Bengaluru Urban,20,328,328,12.897584,77.530683
Thilaknagar PS,Bengaluru City,Bengaluru Urban,20,2517,2517,12.940843,77.557521
Thyagarajanagar PS,Bengaluru City,Bengaluru Urban,20,142,142,12.954952,77.547456
Upparpet PS,Bengaluru City,Bengaluru Urban,20,2146,2146,12.973862,77.571561
Upparpet Traffic PS,Bengaluru City,Bengaluru Urban,20,1619,1619,12.942082,77.56055
V V Puram Traffic PS,Bengaluru City,Bengaluru Urban,20,1651,1651,12.827698,77.482239
Varthur PS,Bengaluru City,Bengaluru Urban,20,2841,2841,12.911802,77.717332
Victoria Hospital PS,Bengaluru City,Bengaluru Urban,20,32,32,12.959674,77.569987
Vidhana Soudha PS,Bengaluru City,Bengaluru Urban,20,624,624,12.978967,77.589515
Vidyaranyapura PS,Bengaluru City,Bengaluru Urban,20,2679,2679,13.077902,77.542121
Vijayanagar PS,Bengaluru City,Bengaluru Urban,20,3503,3503,12.958159,77.531389
Vijayanagar Traffic PS,Bengaluru City,Bengaluru Urban,20,1830,1830,12.956258,77.545599
Vishveshwarapuram PS,Bengaluru City,Bengaluru Urban,20,1321,1321,12.938439,77.567137
Viveknagar PS,Bengaluru City,Bengaluru Urban,20,1942,1942,12.948569,77.622206
Vyalikaval PS,Bengaluru City,Bengaluru Urban,20,1364,1364,12.986044,77.551491
West CEN Crime PS,Bengaluru City,Bengaluru Urban,20,5019,5019,12.985116,77.542187
West Women PS,Bengaluru City,Bengaluru Urban,20,3,3,12.667514,77.535749
Whitefield CEN Crime PS,Bengaluru City,Bengaluru Urban,20,4745,4745,12.971705,77.740774
Whitefield PS,Bengaluru City,Bengaluru Urban,20,3816,3816,12.970167,77.74581
Whitefield Traffic PS,Bengaluru City,Bengaluru Urban,20,2218,2218,12.95019,77.578997
Wilsongarden PS,Bengaluru City,Bengaluru Urban,20,1692,1692,12.947135,77.593181
Wilsongarden Traffic PS,Bengaluru City,Bengaluru Urban,20,1539,1539,12.941537,77.558932
Yelahanka New Town PS,Bengaluru City,Bengaluru Urban,20,2837,2837,13.10178,77.578754
Yelahanka PS,Bengaluru City,Bengaluru Urban,20,2762,2762,13.096394,77.595198
Yelahanka Traffic PS,Bengaluru City,Bengaluru Urban,20,3430,3430,13.007313,77.559691
Yeshwanthapura PS,Bengaluru City,Bengaluru Urban,20,3285,3285,13.025873,77.552525
Yeshwanthapura Traffic PS,Bengaluru City,Bengaluru Urban,20,2191,2191,13.028799,77.533545
Anekal PS,Bengaluru Rural,Bengaluru Rural,21,2339,2339,12.712866,77.693011
Anugondanahalli PS,Bengaluru Rural,Bengaluru Rural,21,1080,1080,12.961661,77.821639
Attibele PS,Bengaluru Rural,Bengaluru Rural,21,3647,3647,12.773211,77.758828
Avalahally PS,Bengaluru Rural,Bengaluru Rural,21,3148,3148,13.047021,77.734975
Bannerghatta PS,Bengaluru Rural,Bengaluru Rural,21,1863,1863,12.814092,77.581478
Bengaluru CEN Crime PS,Bengaluru Rural,Bengaluru Rural,21,943,943,12.978185,77.629516
Bengaluru Dist Women PS,Bengaluru Rural,Bengaluru Rural,21,441,441,13.307352,77.515587
Chennarayapatana PS,Bengaluru Rural,Bengaluru Rural,21,943,943,13.238428,77.77841
Dobbespet PS,Bengaluru Rural,Bengaluru Rural,21,2083,2083,13.226997,77.2405
Doddaballapura Rural PS,Bengaluru Rural,Bengaluru Rural,21,3236,3236,13.311125,77.54303
Doddaballapura Town PS,Bengaluru Rural,Bengaluru Rural,21,1573,1573,13.301714,77.542468
Doddabelavangala PS,Bengaluru Rural,Bengaluru Rural,21,1554,1554,13.28414,77.420978
Hebbagodi PS,Bengaluru Rural,Bengaluru Rural,21,4172,4172,12.810952,77.678719
Hosahalli PS,Bengaluru Rural,Bengaluru Rural,21,340,340,13.438312,77.448569
Hosakote PS,Bengaluru Rural,Bengaluru Rural,21,3888,3888,13.073116,77.786149
Hosakote Traffic PS,Bengaluru Rural,Bengaluru Rural,21,403,403,13.113205,77.669819
Jigani PS,Bengaluru Rural,Bengaluru Rural,21,2073,2073,12.78102,77.637876
Madanayakanahally PS,Bengaluru Rural,Bengaluru Rural,21,5343,5343,13.092419,77.378151
Nandagudi PS,Bengaluru Rural,Bengaluru Rural,21,2036,2036,13.185431,77.904232
Nelamangala Rural PS,Bengaluru Rural,Bengaluru Rural,21,2455,2455,13.102024,77.371715
Nelamangala Town PS,Bengaluru Rural,Bengaluru Rural,21,1954,1954,13.091187,77.393198
Nelamangala Traffic PS,Bengaluru Rural,Bengaluru Rural,21,4095,4095,13.129161,77.373252
Rajanukunte PS,Bengaluru Rural,Bengaluru Rural,21,2047,2047,13.172107,77.554095
Sarjapura PS,Bengaluru Rural,Bengaluru Rural,21,2462,2462,12.866721,77.775567
Sulibele PS,Bengaluru Rural,Bengaluru Rural,21,1049,1049,13.175544,77.802401
Suryanagar PS,Bengaluru Rural,Bengaluru Rural,21,3272,3272,12.795949,77.704226
Thirumalashettahalli PS,Bengaluru Rural,Bengaluru Rural,21,1317,1317,12.992358,77.791839
Thyamagondlu PS,Bengaluru Rural,Bengaluru Rural,21,1045,1045,13.216493,77.307048
Vijayapura PS,Bengaluru Rural,Bengaluru Rural,21,1668,1668,13.298389,77.783808
Vishwanathapura PS,Bengaluru Rural,Bengaluru Rural,21,1535,1535,13.264729,77.61418
Aurad PS,Bidar,Bidar,05,1303,1303,18.248308,77.41219
Bagdal PS,Bidar,Bidar,05,905,905,17.650453,77.398876
Basava Kalyana Rural PS,Bidar,Bidar,05,1335,1335,17.865837,76.967763
Basava Kalyana Town PS,Bidar,Bidar,05,1857,1857,17.869911,76.945735
Basava Kalyana Traffic PS,Bidar,Bidar,05,917,917,17.952225,77.139199
Bemalkhed PS,Bidar,Bidar,05,710,710,17.659108,77.416362
Bhalki Rural PS,Bidar,Bidar,05,1465,1465,18.0505,77.207734
Bhalki Town PS,Bidar,Bidar,05,2097,2097,18.04645,77.215092
Bidar CEN Crime PS,Bidar,Bidar,05,117,117,17.92273,77.484522
Bidar Rural PS,Bidar,Bidar,05,785,785,17.909983,77.480345
Bidar Town PS,Bidar,Bidar,05,720,720,17.914177,77.530624
Bidar Traffic PS,Bidar,Bidar,05,1123,1123,17.959722,77.388597
Bidar Women PS,Bidar,Bidar,05,451,451,17.890859,77.51773
Chintaki PS,Bidar,Bidar,05,601,601,18.257276,77.539552
Chitaguppa PS,Bidar,Bidar,05,1467,1467,17.692386,77.201387
Dhannura PS,Bidar,Bidar,05,1753,1753,17.959558,77.33316
Gandhi Gunj PS,Bidar,Bidar,05,1846,1846,17.900082,77.512023
Hallikhed PS,Bidar,Bidar,05,1268,1268,17.845125,77.254731
Hokrana PS,Bidar,Bidar,05,709,709,18.377852,77.326004
Hulsoor PS,Bidar,Bidar,05,874,874,18.001927,76.997113
Humnabad PS,Bidar,Bidar,05,1968,1968,17.777409,77.125214
Humnabad Traffic PS,Bidar,Bidar,05,1122,1122,17.933041,77.206817
Janwada PS,Bidar,Bidar,05,1063,1063,17.988262,77.474433
Kamalanagar PS,Bidar,Bidar,05,1114,1114,18.23526,77.18519
Khataka Chincholi PS,Bidar,Bidar,05,974,974,17.908567,77.200419
Kushnoor PS,Bidar,Bidar,05,1037,1037,18.157006,77.322784
Manna Ekhelli PS,Bidar,Bidar,05,1248,1248,17.723068,77.352704
Mannalli PS,Bidar,Bidar,05,668,668,17.757061,77.497309
Manthala PS,Bidar,Bidar,05,978,978,17.795148,76.836092
Market PS,Bidar,Bidar,05,1022,1022,17.946712,77.29139
Mehakar PS,Bidar,Bidar,05,807,807,18.088713,77.023583
Mudbi PS,Bidar,Bidar,05,837,837,17.724506,76.939501
New Town PS,Bidar,Bidar,05,1719,1719,17.976572,77.294218
Santhapur PS,Bidar,Bidar,05,1001,1001,18.155125,77.438677
CCPS Central Range Bengaluru City,CID,,,31,0,,
Cyber Crime Police Station CID,CID,,,131,1,12.909367,77.638757
Cyber Crime Police Station Mangaluru,CID,,,3,0,,
Cyber Crime PoliceStation Davanagere,CID,,,3,0,,
Cyber Crime PoliceStation Mysuru,CID,,,4,0,,
Begur PS,Chamarajanagar,Chamarajanagar,27,1775,1775,11.926055,76.669234
Chamarajanagar CEN Crime PS,Chamarajanagar,Chamarajanagar,27,237,237,11.933734,76.955525
Chamarajanagar East PS,Chamarajanagar,Chamarajanagar,27,2296,2296,11.931846,76.970789
Chamarajanagar Rural PS,Chamarajanagar,Chamarajanagar,27,2056,2056,11.921291,76.922408
Chamarajanagar Town PS,Chamarajanagar,Chamarajanagar,27,1613,1613,11.922217,76.932964
Chamarajanagar Traffic PS,Chamarajanagar,Chamarajanagar,27,883,883,11.947907,77.05753
Chamrajanagar Women ps,Chamarajanagar,Chamarajanagar,27,279,279,11.938543,76.961747
Gundlupete  PS,Chamarajanagar,Chamarajanagar,27,1756,1756,11.811224,76.68226
Hanur PS,Chamarajanagar,Chamarajanagar,27,1540,1540,12.099416,77.294919
Kollegala Rural  PS,Chamarajanagar,Chamarajanagar,27,2250,2250,12.170354,77.130502
Kollegala Town PS,Chamarajanagar,Chamarajanagar,27,1708,1708,12.157277,77.108434
Kuderu PS,Chamarajanagar,Chamarajanagar,27,788,788,12.056777,76.929558
M.M. Hills PS,Chamarajanagar,Chamarajanagar,27,529,529,12.033757,77.591782
Mambali PS,Chamarajanagar,Chamarajanagar,27,487,487,12.119443,77.070289
Ramapura PS,Chamarajanagar,Chamarajanagar,27,1356,1356,12.00843,77.40638
Santemaralli PS,Chamarajanagar,Chamarajanagar,27,758,758,12.042014,76.977667
Terakanambi PS,Chamarajanagar,Chamarajanagar,27,1343,1343,11.816008,76.78914
Yelandur  PS,Chamarajanagar,Chamarajanagar,27,1389,1389,12.051973,77.033712
Bagepalli PS,Chikkaballapura,Chikkaballapura,28,3256,3256,13.784599,77.798827
Batlahalli PS,Chikkaballapura,Chikkaballapura,28,1297,1297,13.580261,78.133085
Chelur PS,Chikkaballapura,Chikkaballapura,28,809,809,13.709114,78.093212
Chickaballapura CEN Crime PS,Chikkaballapura,Chikkaballapura,28,525,525,13.455304,77.723696
Chickballapura Rural PS,Chikkaballapura,Chikkaballapura,28,2161,2161,13.43674,77.725771
Chickballapura Town PS,Chikkaballapura,Chikkaballapura,28,1461,1461,13.43673,77.7236
Chickballapura Traffic PS,Chikkaballapura,Chikkaballapura,28,638,638,13.51469,77.720817
Chikkaballapura Women PS,Chikkaballapura,Chikkaballapura,28,786,786,13.438024,77.723768
Chintamani Rural PS,Chikkaballapura,Chikkaballapura,28,4198,4198,13.398735,78.051898
Chintamani Town PS,Chikkaballapura,Chikkaballapura,28,2235,2235,13.400833,78.053377
Dibburahalli PS,Chikkaballapura,Chikkaballapura,28,1478,1478,13.565436,77.8939
Gowribidanur Rural PS,Chikkaballapura,Chikkaballapura,28,2903,2903,13.602117,77.508107
Gowribidanur Town PS,Chikkaballapura,Chikkaballapura,28,1858,1858,13.608378,77.518225
Gudibande PS,Chikkaballapura,Chikkaballapura,28,2347,2347,13.665017,77.720647
Kencharlahalli PS,Chikkaballapura,Chikkaballapura,28,1396,1396,13.519367,78.068205
Manchenalli PS,Chikkaballapura,Chikkaballapura,28,2285,2285,13.50298,77.597821
Nandi Giridhama PS,Chikkaballapura,Chikkaballapura,28,1420,1420,13.376142,77.706559
Patapalya PS,Chikkaballapura,Chikkaballapura,28,838,838,13.761309,77.962435
Peresandra PS,Chikkaballapura,Chikkaballapura,28,539,539,13.580154,77.774771
Shidlagatta Rural PS,Chikkaballapura,Chikkaballapura,28,2842,2842,13.376323,77.867551
Shidlaghatta Town PS,Chikkaballapura,Chikkaballapura,28,1273,1273,13.392148,77.864083
Ajjampura PS,Chikkamagaluru,Chikkamagaluru,17,2670,2670,13.753183,76.010383
Aldur PS,Chikkamagaluru,Chikkamagaluru,17,1597,1597,13.240875,75.645505
Balehonnur PS,Chikkamagaluru,Chikkamagaluru,17,1201,1201,13.351718,75.472527
Balur  PS,Chikkamagaluru,Chikkamagaluru,17,551,551,13.170846,75.495384
Banakal  PS,Chikkamagaluru,Chikkamagaluru,17,841,841,13.13656,75.55531
Basavanahalli  PS,Chikkamagaluru,Chikkamagaluru,17,1199,1199,13.330514,75.768386
Birur PS,Chikkamagaluru,Chikkamagaluru,17,1425,1425,13.606592,75.964566
Chickmagalur CEN Crime PS,Chikkamagaluru,Chikkamagaluru,17,633,633,13.328318,75.774473
Chickmagalur Rural  PS,Chikkamagaluru,Chikkamagaluru,17,3302,3302,13.32246,75.798706
Chickmagalur Town PS,Chikkamagaluru,Chikkamagaluru,17,2134,2134,13.318383,75.772073
Chickmagalur Traffic PS,Chikkamagaluru,Chikkamagaluru,17,951,951,13.363299,75.703319
Chickmagalur Women PS,Chikkamagaluru,Chikkamagaluru,17,737,737,13.322277,75.768107
Gonibeedu PS,Chikkamagaluru,Chikkamagaluru,17,850,850,13.092301,75.699687
Hariharapura PS,Chikkamagaluru,Chikkamagaluru,17,435,435,13.522434,75.295339
Jayapura PS,Chikkamagaluru,Chikkamagaluru,17,517,517,13.397597,75.370851
Kadur PS,Chikkamagaluru,Chikkamagaluru,17,2252,2252,13.528319,76.017645
Kalasa PS,Chikkamagaluru,Chikkamagaluru,17,650,650,13.2375,75.371358
Koppa  PS,Chikkamagaluru,Chikkamagaluru,17,873,873,13.540656,75.364408
Kuduremukh PS,Chikkamagaluru,Chikkamagaluru,17,152,152,13.212018,75.253275
Lakkavalli PS,Chikkamagaluru,Chikkamagaluru,17,1177,1177,13.706823,75.669017
Lingadahalli PS,Chikkamagaluru,Chikkamagaluru,17,1054,1054,13.601227,75.82675
Mallanduru PS,Chikkamagaluru,Chikkamagaluru,17,654,654,13.364803,75.656211
Mudigere PS,Chikkamagaluru,Chikkamagaluru,17,1536,1536,13.134356,75.642965
N.R. Pura PS,Chikkamagaluru,Chikkamagaluru,17,1036,1036,13.615437,75.50009
Panchanahalli PS,Chikkamagaluru,Chikkamagaluru,17,569,569,13.549256,76.307979
Sakkaraya Patna PS,Chikkamagaluru,Chikkamagaluru,17,1573,1573,13.42879,75.92988
Singatagere PS,Chikkamagaluru,Chikkamagaluru,17,419,419,13.535959,76.16861
Sringeri  PS,Chikkamagaluru,Chikkamagaluru,17,871,871,13.420046,75.252987
Tarikere Town PS,Chikkamagaluru,Chikkamagaluru,17,2838,2838,13.508884,75.576451
Yagati PS,Chikkamagaluru,Chikkamagaluru,17,788,788,13.611191,76.146396
Abbinahole PS,Chitradurga,Chitradurga,13,1449,1449,14.044158,76.739333
Bharamasagara PS,Chitradurga,Chitradurga,13,2823,2823,14.364981,76.193872
Challakere PS,Chitradurga,Chitradurga,13,4033,4033,14.315311,76.644906
Chikkajajur PS,Chitradurga,Chitradurga,13,1895,1895,14.128759,76.139176
Chitradurga CEN Crime PS,Chitradurga,Chitradurga,13,748,748,14.230868,76.408068
Chitradurga Extension PS,Chitradurga,Chitradurga,13,925,925,14.229946,76.412895
Chitradurga Kote PS,Chitradurga,Chitradurga,13,1595,1595,14.218083,76.3872
Chitradurga Rural PS,Chitradurga,Chitradurga,13,3732,3732,14.234242,76.399267
Chitradurga Town PS,Chitradurga,Chitradurga,13,2657,2657,14.223984,76.403572
Chitradurga Traffic PS,Chitradurga,Chitradurga,13,1206,1206,14.279239,76.480825
Chitradurga Women PS,Chitradurga,Chitradurga,13,654,654,14.225554,76.409026
Chitrahalli Gate PS,Chitradurga,Chitradurga,13,1242,1242,14.092982,76.272018
Hiriyur Rural PS,Chitradurga,Chitradurga,13,3498,3498,13.951252,76.608219
Hiriyur Town PS,Chitradurga,Chitradurga,13,2161,2161,13.93836,76.596734
Holalkere PS,Chitradurga,Chitradurga,13,3008,3008,14.037001,76.181698
Hosadurga PS,Chitradurga,Chitradurga,13,4012,4012,13.801646,76.28201
Imangala PS,Chitradurga,Chitradurga,13,1707,1707,14.095601,76.534694
Molakalmuru PS,Chitradurga,Chitradurga,13,1377,1377,14.714952,76.73995
Nayakanhatti PS,Chitradurga,Chitradurga,13,1458,1458,14.469452,76.547352
Parasurampura PS,Chitradurga,Chitradurga,13,1462,1462,14.259168,76.879564
Rampura PS,Chitradurga,Chitradurga,13,1223,1223,14.884786,76.781691
Srirampura PS,Chitradurga,Chitradurga,13,1939,1939,13.610865,76.420434
Thalak  PS,Chitradurga,Chitradurga,13,1561,1561,14.421663,76.628056
Turuvanur (Jogi) PS,Chitradurga,Chitradurga,13,1389,1389,14.39977,76.435931
Coastal Security Police Belekeri,Coastal Security Police,,,17,2,14.042752,74.015442
Coastal Security Police Bhatkal,Coastal Security Police,,,15,8,14.037435,74.562462
Coastal Security Police Gangolli,Coastal Security Police,,,18,15,13.661748,74.888917
Coastal Security Police Hejamady,Coastal Security Police,,,15,6,13.138853,74.757819
Coastal Security Police Honnavar,Coastal Security Police,,,25,16,14.251002,74.452525
Coastal Security Police Karwar,Coastal Security Police,,,47,47,14.826565,74.140597
Coastal Security Police Kumta,Coastal Security Police,,,29,10,14.440779,74.309758
Coastal Security Police Malpe,Coastal Security Police,,,12,0,,
Coastal Security Police Mangaluru,Coastal Security Police,,,35,27,12.621734,74.497471
Bantwala Rural PS,Dakshina Kannada,Dakshina Kannada,24,1338,1338,12.889106,75.039645
Bantwala Town PS,Dakshina Kannada,Dakshina Kannada,24,1678,1678,12.88054,75.032601
Bantwala Traffic PS,Dakshina Kannada,Dakshina Kannada,24,1334,1334,12.854423,75.090918
Bellare PS,Dakshina Kannada,Dakshina Kannada,24,714,714,12.674909,75.370195
Belthangadi PS,Dakshina Kannada,Dakshina Kannada,24,1311,1311,12.992679,75.284155
Belthangadi Traffic PS,Dakshina Kannada,Dakshina Kannada,24,744,744,12.897778,75.284518
DK CEN Crime PS,Dakshina Kannada,Dakshina Kannada,24,151,151,12.857062,74.865314
DK Women PS,Dakshina Kannada,Dakshina Kannada,24,229,229,12.774556,75.212716
Dharmasthala PS,Dakshina Kannada,Dakshina Kannada,24,1065,1065,12.939381,75.386885
Kadaba PS,Dakshina Kannada,Dakshina Kannada,24,1178,1178,12.744956,75.461678
Punjalkatte PS,Dakshina Kannada,Dakshina Kannada,24,974,974,12.9449,75.169287
Puttur Rural PS,Dakshina Kannada,Dakshina Kannada,24,1233,1233,12.71956,75.224452
Puttur Town PS,Dakshina Kannada,Dakshina Kannada,24,1240,1240,12.76188,75.199704
Puttur Traffic PS,Dakshina Kannada,Dakshina Kannada,24,1516,1516,12.820077,75.236172
Subramanya PS,Dakshina Kannada,Dakshina Kannada,24,722,722,12.666982,75.592942
Sullia PS,Dakshina Kannada,Dakshina Kannada,24,1280,1280,12.5586,75.394618
Uppinangadi PS,Dakshina Kannada,Dakshina Kannada,24,1666,1666,12.839069,75.276666
Venoor PS,Dakshina Kannada,Dakshina Kannada,24,838,838,13.038042,75.159677
Vitla PS,Dakshina Kannada,Dakshina Kannada,24,1914,1914,12.763694,75.09954
Azad Nagar PS,Davanagere,Davanagere,14,1071,1071,14.480754,75.924976
Basavanagara PS,Davanagere,Davanagere,14,961,961,14.465399,75.909635
Basavapatna PS,Davanagere,Davanagere,14,1289,1289,14.204242,75.804435
Bilichodu PS,Davanagere,Davanagere,14,1280,1280,14.507666,76.175841
Channagiri PS,Davanagere,Davanagere,14,4096,4096,14.02496,75.929188
Davanagere CEN Crime PS,Davanagere,Davanagere,14,641,641,14.433957,75.894489
Davanagere Extention PS,Davanagere,Davanagere,14,2121,2121,14.463555,75.919092
Davanagere Rural PS,Davanagere,Davanagere,14,3092,3092,14.451982,75.939482
Davanagere South Traffic PS,Davanagere,Davanagere,14,1387,1387,14.316946,75.856662
Davanagere Women PS,Davanagere,Davanagere,14,1243,1243,14.464125,75.919077
Davangere North Traffic PS,Davanagere,Davanagere,14,452,452,14.356107,75.876387
Gandhi Nagar PS,Davanagere,Davanagere,14,921,921,14.477543,75.91625
Hadadi PS,Davanagere,Davanagere,14,1554,1554,14.363572,75.89931
Harihara Rural PS,Davanagere,Davanagere,14,1764,1764,14.522097,75.811668
Harihara Town PS,Davanagere,Davanagere,14,1675,1675,14.514497,75.807373
Honnali PS,Davanagere,Davanagere,14,2655,2655,14.234912,75.664898
Jagalur PS,Davanagere,Davanagere,14,2281,2281,14.514523,76.338339
KTJ Nagar PS,Davanagere,Davanagere,14,2127,2127,14.308338,75.852559
Malebennur PS,Davanagere,Davanagere,14,1810,1810,14.361426,75.736697
Mayakonda PS,Davanagere,Davanagere,14,1111,1111,14.290768,76.070159
Nyamathi PS,Davanagere,Davanagere,14,1642,1642,14.138825,75.56376
RMC Yard PS,Davanagere,Davanagere,14,664,664,14.347385,75.87807
Santhebennur PS,Davanagere,Davanagere,14,1543,1543,14.177472,75.958828
Vidyanagar PS,Davanagere,Davanagere,14,1661,1661,14.435693,75.912859
Alnavar PS,Dharwad,Dharwad,09,896,896,15.431366,74.755997
Annigeri PS,Dharwad,Dharwad,09,1219,1219,15.429338,75.42064
Dharwad CEN Crime PS,Dharwad,Dharwad,09,177,177,15.40385,75.071635
Dharwad Rural PS,Dharwad,Dharwad,09,2318,2318,15.470621,74.995383
Dharwad Women PS,Dharwad,Dharwad,09,292,292,15.416232,75.033182
Garag PS,Dharwad,Dharwad,09,1610,1610,15.561076,74.920321
Gudageri PS,Dharwad,Dharwad,09,635,635,15.126928,75.353372
Hubli Rural PS,Dharwad,Dharwad,09,2447,2447,15.340452,75.168895
Kalaghatagi PS,Dharwad,Dharwad,09,2351,2351,15.184105,74.968623
Kundagol PS,Dharwad,Dharwad,09,1276,1276,15.241796,75.242612
Navalgund PS,Dharwad,Dharwad,09,1645,1645,15.563738,75.346573
Betageri  PS,Gadag,Gadag,08,1137,1137,15.446119,75.647903
Betageri Extention PS,Gadag,Gadag,08,750,750,15.427746,75.648921
Gadag CEN Crime PS,Gadag,Gadag,08,296,296,15.412811,75.634143
Gadag Rural PS,Gadag,Gadag,08,2640,2640,15.418829,75.628222
Gadag Town PS,Gadag,Gadag,08,1565,1565,15.428333,75.625809
Gadag Traffic PS,Gadag,Gadag,08,322,322,15.424504,75.665296
Gadag Women PS,Gadag,Gadag,08,73,73,15.426168,75.624718
Gajendragad PS,Gadag,Gadag,08,1742,1742,15.739831,75.954704
Lakshmeshwar PS,Gadag,Gadag,08,1367,1367,15.118621,75.488149
Mulagund PS,Gadag,Gadag,08,784,784,15.26893,75.540441
Mundargi PS,Gadag,Gadag,08,1888,1888,15.206152,75.85375
Naregal PS,Gadag,Gadag,08,905,905,15.584193,75.793946
Nargund PS,Gadag,Gadag,08,1840,1840,15.734425,75.400244
Ron PS,Gadag,Gadag,08,1736,1736,15.706784,75.711891
Shirahatti PS,Gadag,Gadag,08,1457,1457,15.196099,75.599743
Alur PS,Hassan,Hassan,23,2615,2615,12.97481,75.987997
Arakalagud PS,Hassan,Hassan,23,2698,2698,12.754899,76.076834
Arasikere Rural PS,Hassan,Hassan,23,1664,1664,13.312863,76.258458
Arasikere Town PS,Hassan,Hassan,23,1766,1766,13.311,76.257694
Arehalli PS,Hassan,Hassan,23,1490,1490,13.050537,75.805685
Banavara PS,Hassan,Hassan,23,1536,1536,13.405842,76.174805
Belur PS,Hassan,Hassan,23,2654,2654,13.173338,75.870302
Channarayapatna Rural PS,Hassan,Hassan,23,1909,1909,12.902669,76.384933
Channarayapatna Town PS,Hassan,Hassan,23,3128,3128,12.898702,76.391677
Channarayapatna Traffic PS,Hassan,Hassan,23,1176,1176,12.942344,76.338003
Dudda PS,Hassan,Hassan,23,1268,1268,13.085858,76.20421
Gandasi PS,Hassan,Hassan,23,1709,1709,13.157373,76.303277
Goruru PS,Hassan,Hassan,23,1340,1340,12.8296,76.070266
Halebeedu PS,Hassan,Hassan,23,2184,2184,13.214529,75.995476
Hallymysore PS,Hassan,Hassan,23,1149,1149,12.657747,76.258711
Hassan CEN Crime PS,Hassan,Hassan,23,332,332,13.265612,76.244184
Hassan City PS,Hassan,Hassan,23,2036,2036,13.003183,76.100199
Hassan Extn. PS,Hassan,Hassan,23,2387,2387,13.026145,76.171646
Hassan Rural PS,Hassan,Hassan,23,2504,2504,13.013963,76.104816
Hassan Traffic PS,Hassan,Hassan,23,2444,2444,13.022504,76.160765
Hassan Women PS,Hassan,Hassan,23,871,871,13.004,76.111383
Hirisave PS,Hassan,Hassan,23,1306,1306,12.944162,76.550558
Holenarasipura Rural PS,Hassan,Hassan,23,1247,1247,12.781871,76.249637
Holenarasipura Town PS,Hassan,Hassan,23,2241,2241,12.773152,76.244993
Javagal PS,Hassan,Hassan,23,1174,1174,13.301754,76.05811
Konanur PS,Hassan,Hassan,23,2373,2373,12.617381,76.058455
Nuggehalli PS,Hassan,Hassan,23,1474,1474,13.015166,76.471634
Pension Mohalla PS,Hassan,Hassan,23,1423,1423,13.009414,76.097397
Sakaleshpura Rural PS,Hassan,Hassan,23,2009,2009,12.93592,75.782688
Sakaleshpura Town PS,Hassan,Hassan,23,2047,2047,12.946172,75.788259
Shanthigrama PS,Hassan,Hassan,23,1456,1456,12.976099,76.2161
Shravanabelagola PS,Hassan,Hassan,23,1519,1519,12.856338,76.480687
Yeslur PS,Hassan,Hassan,23,1127,1127,12.779916,75.855702
Adur PS,Haveri,Haveri,11,1712,1712,14.767143,75.247737
Bankapura PS,Haveri,Haveri,11,1257,1257,14.916394,75.257525
Byadagi PS,Haveri,Haveri,11,1640,1640,14.655027,75.481395
Guttal PS,Haveri,Haveri,11,1414,1414,14.846289,75.628256
Halageri PS,Haveri,Haveri,11,1557,1557,14.543823,75.611316
Hanagal PS,Haveri,Haveri,11,2340,2340,14.756555,75.124111
Hansabhavi PS,Haveri,Haveri,11,1468,1468,14.565299,75.37042
Haveri CEN Crime PS,Haveri,Haveri,11,477,477,14.754139,75.410637
Haveri Rural PS,Haveri,Haveri,11,1595,1595,14.791872,75.390619
Haveri Town PS,Haveri,Haveri,11,1418,1418,14.791518,75.398351
Haveri Traffic PS,Haveri,Haveri,11,390,390,14.750831,75.389908
Haveri Women PS,Haveri,Haveri,11,491,491,14.789616,75.411454
Hirekerur  PS,Haveri,Haveri,11,1775,1775,14.45061,75.396398
Hulagur PS,Haveri,Haveri,11,108,108,14.872882,75.341713
Kaginele PS,Haveri,Haveri,11,961,961,14.678976,75.354656
Kumarapattanam PS,Haveri,Haveri,11,976,976,14.526436,75.778155
Ranebennur Rural PS,Haveri,Haveri,11,2425,2425,14.626655,75.62842
Ranebennur Town PS,Haveri,Haveri,11,1599,1599,14.613027,75.626187
Ranebennur Traffic PS,Haveri,Haveri,11,467,467,14.681347,75.469726
Rattihalli PS,Haveri,Haveri,11,1358,1358,14.419134,75.503129
Savanoor PS,Haveri,Haveri,11,1809,1809,14.963532,75.346805
Shiggaon PS,Haveri,Haveri,11,1568,1568,14.994127,75.230149
Tadas PS,Haveri,Haveri,11,966,966,15.11058,75.127406
APMC Navanagar,Hubballi-Dharwad City,Dharwad,09,901,901,15.39204,75.084788
Ashoknagar PS,Hubballi-Dharwad City,Dharwad,09,636,636,15.367004,75.138411
Bendigeri PS,Hubballi-Dharwad City,Dharwad,09,1017,1017,15.339449,75.151329
CEN Crime PS Hubballi Dharwad City,Hubballi-Dharwad City,Dharwad,09,1243,1243,15.376188,75.101924
Dharwad Sub-Urban PS,Hubballi-Dharwad City,Dharwad,09,2222,2222,15.463749,74.996416
Dharwad Town PS,Hubballi-Dharwad City,Dharwad,09,1406,1406,15.459295,75.01281
Dharwad Traffic PS,Hubballi-Dharwad City,Dharwad,09,1254,1254,15.402625,75.081428
E and N Crime PS HD city,Hubballi-Dharwad City,Dharwad,09,33,33,15.368061,75.117657
Ghantikeri PS,Hubballi-Dharwad City,Dharwad,09,565,565,15.338247,75.143153
Gokul Road PS,Hubballi-Dharwad City,Dharwad,09,1033,1033,15.351466,75.108855
HD City Women PS,Hubballi-Dharwad City,Dharwad,09,569,569,15.400378,75.155426
Hubballi East Traffic PS,Hubballi-Dharwad City,Dharwad,09,637,637,15.363955,75.141959
Hubballi North Traffic PS,Hubballi-Dharwad City,Dharwad,09,1009,1009,15.366114,75.121106
Hubballi South Traffic PS,Hubballi-Dharwad City,Dharwad,09,708,708,15.346535,75.13292
Hubballi Sub Urban PS,Hubballi-Dharwad City,Dharwad,09,1618,1618,15.350492,75.137062
Hubballi Town PS,Hubballi-Dharwad City,Dharwad,09,1242,1242,15.345781,75.143916
Kamaripeth PS,Hubballi-Dharwad City,Dharwad,09,391,391,15.344318,75.136926
Kasabapeth PS,Hubballi-Dharwad City,Dharwad,09,1027,1027,15.341028,75.143099
Keshavapur PS,Hubballi-Dharwad City,Dharwad,09,1349,1349,15.361383,75.160745
Old Hubballi PS,Hubballi-Dharwad City,Dharwad,09,1758,1758,15.358455,75.119826
Vidyagiri PS,Hubballi-Dharwad City,Dharwad,09,1889,1889,15.436774,75.014075
Vidyanagar PS,Hubballi-Dharwad City,Dharwad,09,1580,1580,15.3645,75.12502
ISD PS,ISD Bengaluru,,,139,139,12.969332,77.616757
Andersonpet  PS,K.G.F,Kolar,19,1061,1061,12.93146,78.278129
BEML Nagar PS,K.G.F,Kolar,19,649,649,12.981416,78.237738
Bangarpet  PS,K.G.F,Kolar,19,2669,2669,12.988013,78.178968
Bethamangala PS,K.G.F,Kolar,19,1458,1458,13.00965,78.330614
Budikote PS,K.G.F,Kolar,19,272,272,12.91161,78.141682
Champion Reefs  PS,K.G.F,Kolar,19,313,313,12.95562,78.270071
KGF CEN Crime PS,K.G.F,Kolar,19,378,378,12.962735,78.258684
Kamasamudram PS,K.G.F,Kolar,19,860,860,12.86342,78.197392
Kyasamballi PS,K.G.F,Kolar,19,205,205,12.951387,78.360342
Marikuppam  PS,K.G.F,Kolar,19,447,447,12.925333,78.267644
Oorgaum PS,K.G.F,Kolar,19,646,646,12.953348,78.263496
Robertsonpet  PS,K.G.F,Kolar,19,1298,1298,12.957642,78.273432
Afzalpur PS,Kalaburagi,Kalaburagi,04,2079,2079,17.203436,76.35726
Alland PS,Kalaburagi,Kalaburagi,04,1828,1828,17.560501,76.559579
Chincholi PS,Kalaburagi,Kalaburagi,04,1624,1624,17.460121,77.417932
Chittapura PS,Kalaburagi,Kalaburagi,04,1126,1126,17.119527,77.085123
Devalagangapur PS,Kalaburagi,Kalaburagi,04,1152,1152,17.204878,76.543988
Jewargi PS,Kalaburagi,Kalaburagi,04,2395,2395,17.010933,76.775276
Kalaburagi CEN Crime PS,Kalaburagi,Kalaburagi,04,94,94,17.326295,76.858033
Kalaburagi Women PS,Kalaburagi,Kalaburagi,04,534,534,17.32781,76.836562
Kalagi PS,Kalaburagi,Kalaburagi,04,803,803,17.223463,77.093931
Kamalapur PS,Kalaburagi,Kalaburagi,04,1033,1033,17.579564,76.994141
Kunchavaram PS,Kalaburagi,Kalaburagi,04,328,328,17.486332,77.615152
Kurakunta PS,Kalaburagi,Kalaburagi,04,276,276,17.191889,77.356454
Madanahipparga PS,Kalaburagi,Kalaburagi,04,638,638,17.458309,76.37569
Madbool PS,Kalaburagi,Kalaburagi,04,1025,1025,17.284804,77.004956
Mahagoan PS,Kalaburagi,Kalaburagi,04,954,954,17.516562,76.94327
Malkhed PS,Kalaburagi,Kalaburagi,04,791,791,17.194431,77.162034
Miryan PS,Kalaburagi,Kalaburagi,04,446,446,17.366467,77.490617
Mudhol PS,Kalaburagi,Kalaburagi,04,1288,1288,16.914697,77.446183
Narona PS,Kalaburagi,Kalaburagi,04,1256,1256,17.510869,76.709888
Nelogi PS,Kalaburagi,Kalaburagi,04,1624,1624,17.055159,76.596905
Nimbarga PS,Kalaburagi,Kalaburagi,04,1048,1048,17.385733,76.582013
Ratkal PS,Kalaburagi,Kalaburagi,04,788,788,17.455515,77.119969
Revoor PS,Kalaburagi,Kalaburagi,04,725,725,17.318108,76.474234
Sedam PS,Kalaburagi,Kalaburagi,04,2135,2135,17.177731,77.285546
Shahabad Town PS,Kalaburagi,Kalaburagi,04,1422,1422,17.130792,76.934975
Sulepet PS,Kalaburagi,Kalaburagi,04,1055,1055,17.394975,77.34035
Wadi PS,Kalaburagi,Kalaburagi,04,1406,1406,17.052967,76.988021
Yedrami PS,Kalaburagi,Kalaburagi,04,1478,1478,16.85399,76.532143
Ashoknagar PS,Kalaburagi City,Kalaburagi,04,1271,1271,17.321842,76.814135
Brahmapur PS,Kalaburagi City,Kalaburagi,04,1693,1693,17.33712,76.837011
Chowk PS,Kalaburagi City,Kalaburagi,04,1482,1482,17.343276,76.835261
Ferhatabad PS,Kalaburagi City,Kalaburagi,04,1297,1297,17.18468,76.778728
Kalaburagi City CENCrime PS,Kalaburagi City,Kalaburagi,04,180,180,17.310622,76.819339
Kalaburagi City Women PS,Kalaburagi City,Kalaburagi,04,744,744,17.324593,76.822939
Kalaburagi Traffic I PS,Kalaburagi City,Kalaburagi,04,1371,1371,17.259724,76.793214
Kalaburagi Traffic II PS,Kalaburagi City,Kalaburagi,04,1805,1805,17.31755,76.82799
MB Nagar PS,Kalaburagi City,Kalaburagi,04,1055,1055,17.328628,76.862088
Ragavendranagar PS,Kalaburagi City,Kalaburagi,04,1498,1498,17.25986,76.786348
Roza PS,Kalaburagi City,Kalaburagi,04,1033,1033,17.346861,76.851686
Station Bazar PS,Kalaburagi City,Kalaburagi,04,1613,1613,17.31742,76.826121
Sub Urban PS,Kalaburagi City,Kalaburagi,04,2648,2648,17.362216,76.830131
University PS,Kalaburagi City,Kalaburagi,04,2533,2533,17.310626,76.874391
Arasikere Rly PS,Karnataka Railways,,,274,153,13.347301,76.198697
Ballari Rly PS,Karnataka Railways,,,256,74,15.177091,76.728092
Bangarpet Rly PS,Karnataka Railways,,,171,36,13.00021,78.147969
Belagavi Rly PS,Karnataka Railways,,,403,158,15.944436,74.595744
Bengaluru Cantonment Rly PS,Karnataka Railways,,,591,245,12.995553,77.720096
Bengaluru City Rly PS,Karnataka Railways,,,1671,372,12.88616,77.489142
Bengaluru Rural Rly PS,Karnataka Railways,,,1057,97,13.173392,77.426432
Bidar Rly PS,Karnataka Railways,,,206,75,17.949811,77.391545
Byappanahalli Rly PS,Karnataka Railways,,,203,60,13.01715,77.64908
Davanagere Rly PS,Karnataka Railways,,,312,54,14.372615,76.012548
Gadag Rly PS,Karnataka Railways,,,296,101,15.410054,75.852141
Hubballi Rly PS,Karnataka Railways,,,841,189,15.207416,75.217619
Mangaluru Rly PS,Karnataka Railways,,,190,34,12.851857,74.891746
Mysuru Rly PS,Karnataka Railways,,,626,201,12.498166,76.658076
Raichur Rly PS,Karnataka Railways,,,751,293,16.431393,77.249947
Shivamogga Rly PS,Karnataka Railways,,,118,33,13.919251,75.570831
Vijayapura Rly PS,Karnataka Railways,,,248,91,16.503071,75.778329
Wadi Rly PS,Karnataka Railways,,,1674,218,15.754958,76.387116
Bhagamandala PS,Kodagu,Kodagu,25,511,511,12.3844,75.540816
Gonikoppa PS,Kodagu,Kodagu,25,1299,1299,12.184219,75.927361
Kodagu CEN Crime PS,Kodagu,Kodagu,25,280,280,12.418657,75.708103
Kodagu Women PS,Kodagu,Kodagu,25,247,247,12.399338,75.73939
Kushalanagar Rural PS,Kodagu,Kodagu,25,1238,1238,12.483307,75.941355
Kushalnagar Town PS,Kodagu,Kodagu,25,872,872,12.456405,75.954376
Kushalnagar Traffic PS,Kodagu,Kodagu,25,643,643,12.416767,75.796401
Kutta PS,Kodagu,Kodagu,25,450,450,11.970168,76.055723
Madikeri Rural PS,Kodagu,Kodagu,25,1982,1982,12.417874,75.71399
Madikeri Town PS,Kodagu,Kodagu,25,952,952,12.421416,75.739479
Madikeri Traffic  PS,Kodagu,Kodagu,25,247,247,12.397738,75.686003
Napoklu PS,Kodagu,Kodagu,25,814,814,12.300675,75.681544
Ponnampet PS,Kodagu,Kodagu,25,1151,1151,12.145337,75.955513
Shanivarasanthe PS,Kodagu,Kodagu,25,1483,1483,12.721539,75.88492
Siddapura PS,Kodagu,Kodagu,25,1173,1173,12.297769,75.873208
Somwarpet PS,Kodagu,Kodagu,25,1906,1906,12.53593,75.816089
Srimangala PS,Kodagu,Kodagu,25,629,629,12.058494,75.949992
Sunticoppa PS,Kodagu,Kodagu,25,883,883,12.451879,75.824366
Virajpet Rural PS,Kodagu,Kodagu,25,1343,1343,12.198747,75.792725
Virajpet Town PS,Kodagu,Kodagu,25,1144,1144,12.193684,75.799211
Gownapalli PS,Kolar,Kolar,19,647,647,13.509505,78.225165
Gulpet PS,Kolar,Kolar,19,1001,1001,13.145159,78.131976
Kolar CEN Crime PS,Kolar,Kolar,19,364,364,13.136593,78.129138
Kolar Rural PS,Kolar,Kolar,19,4410,4410,13.147185,78.140685
Kolar Town PS,Kolar,Kolar,19,1576,1576,13.131441,78.132616
Kolar Traffic PS,Kolar,Kolar,19,763,763,13.175849,78.250605
Kolar Women PS,Kolar,Kolar,19,298,298,13.136167,78.139807
Malur PS,Kolar,Kolar,19,3238,3238,12.994501,77.919435
Masti PS,Kolar,Kolar,19,1163,1163,12.875017,77.998692
Mulbagal Rural PS,Kolar,Kolar,19,1891,1891,13.064691,78.418305
Mulbagal Town PS,Kolar,Kolar,19,1374,1374,13.167839,78.392202
Nangli PS,Kolar,Kolar,19,1325,1325,13.194622,78.531594
Rayalpad PS,Kolar,Kolar,19,768,768,13.524206,78.342395
Srinivasapura PS,Kolar,Kolar,19,2567,2567,13.33904,78.21155
Vemagal PS,Kolar,Kolar,19,2263,2263,13.191879,78.008024
Alwandi PS,Koppal,Koppal,07,1125,1125,15.23408,75.988465
Bevoor PS,Koppal,Koppal,07,1073,1073,15.570505,76.176697
Gangavathi Rural PS,Koppal,Koppal,07,2700,2700,15.431447,76.522699
Gangavathi Town PS,Koppal,Koppal,07,2090,2090,15.427285,76.529248
Gangavathi Traffic PS,Koppal,Koppal,07,327,327,15.503107,76.424446
Hanumasagar PS,Koppal,Koppal,07,1260,1260,15.870058,76.02648
Kanakagiri PS,Koppal,Koppal,07,1390,1390,15.579479,76.426181
Karatagi PS,Koppal,Koppal,07,2348,2348,15.586616,76.651815
Koppal CEN Crime PS,Koppal,Koppal,07,134,134,15.378237,76.181334
Koppal Rural PS,Koppal,Koppal,07,2136,2136,15.371355,76.184341
Koppal Town PS,Koppal,Koppal,07,1216,1216,15.348708,76.160609
Koppal Traffic PS,Koppal,Koppal,07,339,339,15.441565,76.222748
Koppal Women PS,Koppal,Koppal,07,335,335,15.360372,76.168728
Kuknoor PS,Koppal,Koppal,07,1293,1293,15.474064,75.993889
Kushtagi PS,Koppal,Koppal,07,2323,2323,15.764694,76.184596
Munirabad PS,Koppal,Koppal,07,2352,2352,15.302133,76.315841
Tavaregera PS,Koppal,Koppal,07,1211,1211,15.774675,76.393237
Yelburga PS,Koppal,Koppal,07,1274,1274,15.608652,76.017281
Arakere PS,Mandya,Mandya,22,1924,1924,12.410678,76.813574
Basaralu PS,Mandya,Mandya,22,742,742,12.705498,76.818475
Belakavadi PS,Mandya,Mandya,22,1196,1196,12.257097,77.121902
Bellur PS,Mandya,Mandya,22,2128,2128,12.981212,76.735465
Besagaraghalli PS,Mandya,Mandya,22,1033,1033,12.635874,77.005978
Bindiganavile PS,Mandya,Mandya,22,1072,1072,12.884781,76.63197
Halagur PS,Mandya,Mandya,22,2063,2063,12.430776,77.221068
K.M. Doddi PS,Mandya,Mandya,22,2390,2390,12.488859,77.035158
K.R. Pet Rural PS,Mandya,Mandya,22,2535,2535,12.657769,76.487513
K.R. Pet Town PS,Mandya,Mandya,22,2806,2806,12.659736,76.488365
K.R. Sagar PS,Mandya,Mandya,22,2171,2171,12.406844,76.572607
Keragodu PS,Mandya,Mandya,22,1557,1557,12.640669,76.907898
Kesthur PS,Mandya,Mandya,22,1231,1231,12.69165,77.060225
Kikkeri PS,Mandya,Mandya,22,1830,1830,12.756236,76.415907
Kirugavalu PS,Mandya,Mandya,22,1245,1245,12.358027,76.944588
Koppa PS,Mandya,Mandya,22,1176,1176,12.708413,76.956971
Maddur PS,Mandya,Mandya,22,3384,3384,12.586284,77.042384
Maddur Traffic PS,Mandya,Mandya,22,1356,1356,12.633773,76.747735
Malavalli Rural PS,Mandya,Mandya,22,2176,2176,12.384293,77.059875
Malavalli Town PS,Mandya,Mandya,22,1036,1036,12.375392,77.001423
Mandya CEN Crime PS,Mandya,Mandya,22,289,289,12.525965,76.892429
Mandya Central PS,Mandya,Mandya,22,825,825,12.52676,76.88784
Mandya East PS,Mandya,Mandya,22,1336,1336,12.528476,76.901193
Mandya Rural PS,Mandya,Mandya,22,4943,4943,12.519271,76.883995
Mandya Traffic PS,Mandya,Mandya,22,1021,1021,12.611227,76.76658
Mandya West PS,Mandya,Mandya,22,1809,1809,12.522534,76.889445
Mandya Women PS,Mandya,Mandya,22,352,352,12.53186,76.901943
Melukote PS,Mandya,Mandya,22,1328,1328,12.660621,76.647803
Nagamangala Rural PS,Mandya,Mandya,22,2084,2084,12.828951,76.758611
Nagamangala Town PS,Mandya,Mandya,22,1510,1510,12.819436,76.755682
Pandavapura PS,Mandya,Mandya,22,3216,3216,12.503218,76.671942
Shivalli PS,Mandya,Mandya,22,1169,1169,12.585852,76.823571
Srirangapatna PS,Mandya,Mandya,22,2822,2822,12.424882,76.681129
Srirangapatna Rural PS,Mandya,Mandya,22,1946,1946,12.415497,76.690672
Bajpe PS,Mangaluru City,Dakshina Kannada,24,2035,2035,12.974478,74.891123
Barke PS,Mangaluru City,Dakshina Kannada,24,842,842,12.886087,74.832641
CEN Crime PS Mangaluru City,Mangaluru City,Dakshina Kannada,24,430,430,12.90474,74.8405
Cyber Crime PS Mangaluru City,Mangaluru City,Dakshina Kannada,24,341,341,12.864155,74.833505
E and N Crime PS Mangaluru City,Mangaluru City,Dakshina Kannada,24,218,218,12.866021,74.847729
Kankanady Town PS,Mangaluru City,Dakshina Kannada,24,1348,1348,12.871129,74.874608
Kavoor PS,Mangaluru City,Dakshina Kannada,24,1338,1338,12.923345,74.850451
Konaje PS,Mangaluru City,Dakshina Kannada,24,1534,1534,12.799333,74.906081
Mangalore East PS,Mangaluru City,Dakshina Kannada,24,1757,1757,12.842875,75.091971
Mangalore East Traffic PS,Mangaluru City,Dakshina Kannada,24,1482,1482,12.866623,74.940852
Mangalore North PS,Mangaluru City,Dakshina Kannada,24,1547,1547,12.839307,75.108042
Mangalore Rural PS,Mangaluru City,Dakshina Kannada,24,1400,1400,12.882122,75.002391
Mangalore South PS,Mangaluru City,Dakshina Kannada,24,1792,1792,12.832114,75.069013
Mangalore West Traffic PS,Mangaluru City,Dakshina Kannada,24,696,696,12.843092,75.094724
Mangalore Women PS,Mangaluru City,Dakshina Kannada,24,660,660,12.854883,75.057137
Moodabidre PS,Mangaluru City,Dakshina Kannada,24,2699,2699,13.070292,74.987776
Mulki PS,Mangaluru City,Dakshina Kannada,24,1110,1110,13.0865,74.794667
Panambur PS,Mangaluru City,Dakshina Kannada,24,1081,1081,12.941355,74.816841
Surathkal PS,Mangaluru City,Dakshina Kannada,24,1609,1609,12.974296,74.787667
Traffic North Police Station,Mangaluru City,Dakshina Kannada,24,2152,2152,12.891504,75.009281
Traffic South Police Station,Mangaluru City,Dakshina Kannada,24,1954,1954,12.79872,74.993874
Ullal PS,Mangaluru City,Dakshina Kannada,24,2414,2414,12.802982,74.832409
Urva PS,Mangaluru City,Dakshina Kannada,24,1105,1105,12.860978,74.797434
Antharasanthe PS,Mysuru,Mysuru,26,973,973,12.341153,76.512135
Bannur PS,Mysuru,Mysuru,26,2845,2845,12.332352,76.865403
Bettadapura PS,Mysuru,Mysuru,26,2001,2001,12.466022,76.102206
Biligere PS,Mysuru,Mysuru,26,1457,1457,12.077921,76.709729
Bilikere PS,Mysuru,Mysuru,26,2859,2859,12.336885,76.444173
Bylakuppe PS,Mysuru,Mysuru,26,1147,1147,12.426008,75.996999
H.D. Kote PS,Mysuru,Mysuru,26,2928,2928,12.09333,76.330731
Hullahalli PS,Mysuru,Mysuru,26,1604,1604,12.085652,76.550878
Hunusur Rural PS,Mysuru,Mysuru,26,3787,3787,12.30573,76.290805
Hunusur Town PS,Mysuru,Mysuru,26,2478,2478,12.305527,76.290425
Jayapura PS,Mysuru,Mysuru,26,1635,1635,12.207298,76.554592
K.R. Nagar PS,Mysuru,Mysuru,26,3747,3747,12.440443,76.372907
Kowlande PS,Mysuru,Mysuru,26,1463,1463,12.037548,76.791995
Mysuru CEN Crime PS,Mysuru,Mysuru,26,262,262,12.313988,76.663827
Mysuru South PS,Mysuru,Mysuru,26,2647,2647,12.243571,76.615166
Mysuru Women PS,Mysuru,Mysuru,26,340,340,12.284476,76.504395
Nanjanagudu Rural PS,Mysuru,Mysuru,26,2481,2481,12.113251,76.67156
Nanjanagudu Town PS,Mysuru,Mysuru,26,1208,1208,12.118178,76.66052
Nanjangudu Traffic PS,Mysuru,Mysuru,26,1291,1291,12.176486,76.63877
Periyapatna PS,Mysuru,Mysuru,26,2769,2769,12.336773,76.090742
Saligrama PS,Mysuru,Mysuru,26,1747,1747,12.563453,76.272102
Saragur PS,Mysuru,Mysuru,26,1413,1413,12.003415,76.395484
T. Narasipura PS,Mysuru,Mysuru,26,3197,3197,12.212582,76.887732
Talakadu PS,Mysuru,Mysuru,26,956,956,12.19019,77.0296
Varuna PS,Mysuru,Mysuru,26,1677,1677,12.253734,76.766757
Yelawala PS,Mysuru,Mysuru,26,1687,1687,12.351708,76.528022
Alanahally PS,Mysuru City,Mysuru,26,913,913,12.303581,76.703584
Ashokpuram PS,Mysuru City,Mysuru,26,808,808,12.288812,76.631591
CEN Crime PS Mysuru City,Mysuru City,Mysuru,26,1201,1201,12.311308,76.66309
Devaraja PS,Mysuru City,Mysuru,26,1347,1347,12.312288,76.646574
Deveraja Traffic PS,Mysuru City,Mysuru,26,460,460,12.252687,76.640431
E and N Crime PS Mysuru City,Mysuru City,Mysuru,26,42,42,12.319309,76.65739
Hebbal PS,Mysuru City,Mysuru,26,579,579,12.351091,76.612752
Jayalakshmipuram PS,Mysuru City,Mysuru,26,571,571,12.322203,76.617852
Krishnaraja PS,Mysuru City,Mysuru,26,1234,1234,12.289769,76.591847
Krishnaraja Traffic PS,Mysuru City,Mysuru,26,1637,1637,12.247351,76.631196
Kuvempunagar PS,Mysuru City,Mysuru,26,1163,1163,12.285861,76.626907
Lashkar PS,Mysuru City,Mysuru,26,893,893,12.309216,76.64671
Laxmipuram PS,Mysuru City,Mysuru,26,565,565,12.29877,76.642767
Mandi PS,Mysuru City,Mysuru,26,1319,1319,12.316679,76.647062
Metagalli PS,Mysuru City,Mysuru,26,1354,1354,12.348883,76.631712
Mysuru City Women PS,Mysuru City,Mysuru,26,1080,1080,12.307865,76.657503
Narasimharaja PS,Mysuru City,Mysuru,26,1792,1792,12.336047,76.663113
Narasimharaja Traffic PS,Mysuru City,Mysuru,26,896,896,12.278819,76.64486
Nazarbad PS,Mysuru City,Mysuru,26,1888,1888,12.306523,76.637297
Saraswathipuram PS,Mysuru City,Mysuru,26,1311,1311,12.302376,76.622335
Siddarthanagar Traffic PS,Mysuru City,Mysuru,26,1478,1478,12.250628,76.657096
Udayagiri PS,Mysuru City,Mysuru,26,2288,2288,12.325345,76.680412
V V Puram Traffic PS,Mysuru City,Mysuru,26,1897,1897,12.26385,76.618373
V.V. Puram PS,Mysuru City,Mysuru,26,786,786,12.327855,76.632883
Vidyaranyarpuram PS,Mysuru City,Mysuru,26,931,931,12.266948,76.64497
Vijayanagar PS,Mysuru City,Mysuru,26,2077,2077,12.338995,76.600047
Balaganoor PS,Raichur,Raichur,06,1258,1258,15.943247,76.755642
Devadurga PS,Raichur,Raichur,06,2331,2331,16.399335,76.90503
Devadurga Traffic PS,Raichur,Raichur,06,109,109,16.424263,76.934135
Gabbur PS,Raichur,Raichur,06,1213,1213,16.298763,77.15342
Hutti PS,Raichur,Raichur,06,1883,1883,16.189529,76.624495
Idapanur PS,Raichur,Raichur,06,822,822,16.005703,77.45707
Jalhalli PS,Raichur,Raichur,06,1398,1398,16.348109,76.75743
Kowthal PS,Raichur,Raichur,06,1132,1132,16.083521,76.811183
Lingasugur PS,Raichur,Raichur,06,2754,2754,16.162037,76.515071
Manvi PS,Raichur,Raichur,06,2416,2416,15.980971,77.04498
Market Yard PS,Raichur,Raichur,06,1016,1016,16.216253,77.358655
Maski PS,Raichur,Raichur,06,1427,1427,15.957049,76.635163
Mudgal PS,Raichur,Raichur,06,1572,1572,16.007846,76.426108
Netajinagar PS,Raichur,Raichur,06,767,767,16.200287,77.369027
Raichur CEN Crime PS,Raichur,Raichur,06,183,183,16.203097,77.289361
Raichur Rural PS,Raichur,Raichur,06,1678,1678,16.221572,77.350677
Raichur Traffic PS,Raichur,Raichur,06,579,579,16.12223,77.105546
Raichur West PS,Raichur,Raichur,06,1311,1311,16.192888,77.340704
Raichur Women PS,Raichur,Raichur,06,870,870,16.184423,77.347265
Sadar Bazar PS,Raichur,Raichur,06,1171,1171,16.199456,77.353695
Shakti Nagar PS,Raichur,Raichur,06,752,752,16.369182,77.353418
Sindanoor Rural PS,Raichur,Raichur,06,2123,2123,15.775713,76.770903
Sindanur Traffic PS,Raichur,Raichur,06,537,537,15.967758,76.854835
Sindhanoor Town PS,Raichur,Raichur,06,1466,1466,15.767636,76.756278
Sirwar PS,Raichur,Raichur,06,1708,1708,16.167626,77.017237
Turvihal PS,Raichur,Raichur,06,1722,1722,15.765524,76.605055
Yapaladinni PS,Raichur,Raichur,06,760,760,16.292782,77.519516
Yeregera PS,Raichur,Raichur,06,1538,1538,16.08003,77.404574
Akkur PS,Ramanagara,Ramanagara,29,1748,1748,12.696713,77.282671
Bidadi PS,Ramanagara,Ramanagara,29,3444,3444,12.800242,77.386159
Channapatna East PS,Ramanagara,Ramanagara,29,811,811,12.662597,77.216149
Channapatna Rural PS,Ramanagara,Ramanagara,29,2202,2202,12.673626,77.212601
Channapatna Town PS,Ramanagara,Ramanagara,29,962,962,12.635234,77.202886
Channapatna Traffic PS,Ramanagara,Ramanagara,29,1265,1265,12.482106,77.395624
Harohalli PS,Ramanagara,Ramanagara,29,3126,3126,12.681342,77.469756
Ijoor PS,Ramanagara,Ramanagara,29,914,914,12.72914,77.284112
Kaggalipura PS,Ramanagara,Ramanagara,29,3248,3248,12.799897,77.50924
Kanakapura Rural PS,Ramanagara,Ramanagara,29,1550,1550,12.551372,77.423908
Kanakapura Town PS,Ramanagara,Ramanagara,29,1210,1210,12.547129,77.422608
Kanakapura Traffic PS,Ramanagara,Ramanagara,29,456,456,12.711402,77.328736
Kodihalli PS,Ramanagara,Ramanagara,29,1422,1422,12.434384,77.49709
Kudur PS,Ramanagara,Ramanagara,29,3334,3334,13.104701,77.16666
Kumbalagudu PS,Ramanagara,Ramanagara,29,2647,2647,12.875542,77.443473
M.K. Doddi PS,Ramanagara,Ramanagara,29,1019,1019,12.567266,76.971683
Magadi PS,Ramanagara,Ramanagara,29,2541,2541,12.949597,77.227503
Ramanagara CEN Crime PS,Ramanagara,Ramanagara,29,665,665,12.726383,77.3119
Ramanagara Rural PS,Ramanagara,Ramanagara,29,3082,3082,12.717477,77.28436
Ramanagara Town PS,Ramanagara,Ramanagara,29,1127,1127,12.719062,77.280441
Ramanagara Traffic PS,Ramanagara,Ramanagara,29,1472,1472,12.720486,77.315664
Ramanagara Women PS,Ramanagara,Ramanagara,29,803,803,12.72367,77.293095
Sathanoor PS,Ramanagara,Ramanagara,29,1867,1867,12.759824,77.352106
Tavarekere PS,Ramanagara,Ramanagara,29,3317,3317,12.964481,77.399725
Agumbe PS,Shivamogga,Shivamogga,15,811,811,13.529891,75.113502
Anandapura PS,Shivamogga,Shivamogga,15,197,197,14.082505,75.194788
Anavatti PS,Shivamogga,Shivamogga,15,1739,1739,14.557758,75.149661
Bhadravathi New Town PS,Shivamogga,Shivamogga,15,1624,1624,13.831674,75.684016
Bhadravathi Old Town PS,Shivamogga,Shivamogga,15,1694,1694,13.846607,75.700788
Bhadravathi Rural PS,Shivamogga,Shivamogga,15,2604,2604,13.815988,75.680081
Bhadravathi Traffic PS,Shivamogga,Shivamogga,15,759,759,13.982716,75.403335
Doddapete PS,Shivamogga,Shivamogga,15,3836,3836,13.927752,75.566138
Holehonnur PS,Shivamogga,Shivamogga,15,3224,3224,13.98559,75.689893
Hosamane PS,Shivamogga,Shivamogga,15,1598,1598,13.847573,75.705713
Hosanagara PS,Shivamogga,Shivamogga,15,1244,1244,13.922981,75.075034
Jayanagara PS,Shivamogga,Shivamogga,15,1175,1175,13.430757,76.831894
Jog PS,Shivamogga,Shivamogga,15,62,62,14.079785,75.181059
Kargal PS,Shivamogga,Shivamogga,15,611,611,14.15001,74.791257
Kote PS,Shivamogga,Shivamogga,15,1579,1579,13.929094,75.582137
Kumsi PS,Shivamogga,Shivamogga,15,2371,2371,14.057564,75.395344
Malur PS,Shivamogga,Shivamogga,15,1246,1246,13.731039,75.343294
Nagara PS,Shivamogga,Shivamogga,15,730,730,13.807346,75.027242
Paper Town PS,Shivamogga,Shivamogga,15,1450,1450,13.817156,75.699279
Ripponpet PS,Shivamogga,Shivamogga,15,1428,1428,13.992985,75.233292
Sagar Rural PS,Shivamogga,Shivamogga,15,3655,3655,14.166262,75.038415
Sagar Town PS,Shivamogga,Shivamogga,15,2608,2608,14.166964,75.026023
Shikaripura Rural PS,Shivamogga,Shivamogga,15,2636,2636,14.267087,75.352885
Shikaripura Town PS,Shivamogga,Shivamogga,15,1171,1171,14.260819,75.360602
Shiralakoppa PS,Shivamogga,Shivamogga,15,1912,1912,14.382537,75.250401
Shivamogga CEN Crime PS,Shivamogga,Shivamogga,15,933,933,13.929156,75.565123
Shivamogga East Traffic PS,Shivamogga,Shivamogga,15,1109,1109,14.028652,75.321439
Shivamogga Rural PS,Shivamogga,Shivamogga,15,3995,3995,13.93289,75.56769
Shivamogga West Traffic PS,Shivamogga,Shivamogga,15,1319,1319,13.994341,75.401708
Shivamogga Women PS,Shivamogga,Shivamogga,15,978,978,13.913628,75.550086
Soraba PS,Shivamogga,Shivamogga,15,1641,1641,14.377569,75.099977
Thirthahalli PS,Shivamogga,Shivamogga,15,2576,2576,13.698921,75.247736
Tunga Nagar PS,Shivamogga,Shivamogga,15,4781,4781,13.978256,75.351219
Vinobanagara PS,Shivamogga,Shivamogga,15,2042,2042,13.941894,75.554538
Amruthur PS,Tumakuru,Tumakuru,18,1463,1463,12.937787,76.921299
Arasikere PS,Tumakuru,Tumakuru,18,807,807,14.418398,76.535291
Badavanahalli PS,Tumakuru,Tumakuru,18,950,950,13.682712,77.076568
Bellavi PS,Tumakuru,Tumakuru,18,610,610,13.39142,77.042003
Chandrashekarpura PS,Tumakuru,Tumakuru,18,858,858,13.157983,76.895686
Chelur PS,Tumakuru,Tumakuru,18,1513,1513,13.438121,76.890683
Chikkanayakanahalli PS,Tumakuru,Tumakuru,18,1360,1360,13.404869,76.585375
Dandina Shivara PS,Tumakuru,Tumakuru,18,775,775,13.244119,76.715773
Gubbi PS,Tumakuru,Tumakuru,18,2525,2525,13.307853,76.914069
Handanakere PS,Tumakuru,Tumakuru,18,881,881,13.497912,76.458292
Hebbur PS,Tumakuru,Tumakuru,18,1786,1786,13.224157,77.018724
Honnavalli PS,Tumakuru,Tumakuru,18,971,971,13.328625,76.408708
Huliyar PS,Tumakuru,Tumakuru,18,1480,1480,13.584843,76.544375
Huliyurdurga PS,Tumakuru,Tumakuru,18,1765,1765,12.817652,77.034206
Jayanagara PS,Tumakuru,Tumakuru,18,1179,1179,13.319094,77.115129
Kallambella PS,Tumakuru,Tumakuru,18,1927,1927,13.632399,76.940906
Kibbanhalli PS,Tumakuru,Tumakuru,18,799,799,13.404918,76.650462
Kodigenahalli PS,Tumakuru,Tumakuru,18,1101,1101,13.713795,77.37642
Kolala PS,Tumakuru,Tumakuru,18,810,810,13.388513,77.299045
Kora PS,Tumakuru,Tumakuru,18,1523,1523,13.452585,77.069121
Koratagere PS,Tumakuru,Tumakuru,18,2163,2163,13.523773,77.238065
Kunigal PS,Tumakuru,Tumakuru,18,3171,3171,13.019285,77.025493
Kyathasandra PS,Tumakuru,Tumakuru,18,2366,2366,13.306622,77.160851
Madhugiri PS,Tumakuru,Tumakuru,18,1625,1625,13.663771,77.208137
Medigeshi PS,Tumakuru,Tumakuru,18,1032,1032,13.824653,77.213348
New Extention PS,Tumakuru,Tumakuru,18,1090,1090,13.336818,77.113493
Nonavinakere PS,Tumakuru,Tumakuru,18,964,964,13.17078,76.538514
Patanayakanahalli PS,Tumakuru,Tumakuru,18,1100,1100,13.89559,76.813496
Pavagada PS,Tumakuru,Tumakuru,18,2273,2273,14.091365,77.282396
Sira PS,Tumakuru,Tumakuru,18,3330,3330,13.738911,76.903714
Tavarekere PS,Tumakuru,Tumakuru,18,1015,1015,13.801289,76.80426
Thilak Park PS,Tumakuru,Tumakuru,18,1047,1047,13.335989,77.091969
Thirumani PS,Tumakuru,Tumakuru,18,555,555,14.234427,77.414463
Tiptur Rural PS,Tumakuru,Tumakuru,18,948,948,13.258037,76.471588
Tiptur Town PS,Tumakuru,Tumakuru,18,1725,1725,13.261244,76.466723
Tumakuru CEN Crime PS,Tumakuru,Tumakuru,18,805,805,13.388549,76.945699
Tumakuru Rural PS,Tumakuru,Tumakuru,18,2386,2386,13.344294,77.094582
Tumakuru Town PS,Tumakuru,Tumakuru,18,2212,2212,13.337403,77.100553
Tumakuru Traffic PS,Tumakuru,Tumakuru,18,2421,2421,13.375884,77.006903
Tumakuru Women PS,Tumakuru,Tumakuru,18,1050,1050,13.330026,77.018839
Turuvekere PS,Tumakuru,Tumakuru,18,2351,2351,13.14484,76.681701
Y.N. Hosakote PS,Tumakuru,Tumakuru,18,841,841,14.258539,77.181639
Ajekar PS,Udupi,Udupi,16,348,348,13.317441,75.002048
Amasebailu PS,Udupi,Udupi,16,396,396,13.610181,74.952387
Brahmavar PS,Udupi,Udupi,16,2126,2126,13.435798,74.753053
Byndoor PS,Udupi,Udupi,16,2287,2287,13.85175,74.628986
Gangolli PS,Udupi,Udupi,16,1138,1138,13.688045,74.663286
Hebri PS,Udupi,Udupi,16,794,794,13.455384,74.98645
Hiriadka PS,Udupi,Udupi,16,734,734,13.351185,74.852183
Kapu PS,Udupi,Udupi,16,1595,1595,13.241104,74.747651
Karkala Rural PS,Udupi,Udupi,16,1309,1309,13.214367,74.982006
Karkala Town PS,Udupi,Udupi,16,1434,1434,13.223456,74.967675
Kollur PS,Udupi,Udupi,16,686,686,13.825116,74.802286
Kota PS,Udupi,Udupi,16,2171,2171,13.524844,74.716219
Kundapura PS,Udupi,Udupi,16,1620,1620,13.628883,74.691554
Kundapura Rural PS,Udupi,Udupi,16,536,536,13.635367,74.756143
Kundapura Traffic PS,Udupi,Udupi,16,1219,1219,13.59082,74.757406
Malpe PS,Udupi,Udupi,16,1165,1165,13.361949,74.704112
Manipal PS,Udupi,Udupi,16,1831,1831,13.345759,74.782534
Padubidri PS,Udupi,Udupi,16,1207,1207,13.1445,74.76957
Shankaranarayana PS,Udupi,Udupi,16,1241,1241,13.604399,74.871053
Shirva PS,Udupi,Udupi,16,865,865,13.222033,74.817422
Udupi CEN Crime PS,Udupi,Udupi,16,690,690,13.368501,74.768202
Udupi Town PS,Udupi,Udupi,16,1622,1622,13.333476,74.747482
Udupi Traffic PS,Udupi,Udupi,16,1040,1040,13.456469,74.841908
Udupi Women PS,Udupi,Udupi,16,377,377,13.352759,74.755312
Ambikanagar  PS,Uttara Kannada,Uttara Kannada,10,101,101,15.133624,74.665518
Ankola PS,Uttara Kannada,Uttara Kannada,10,2168,2168,14.650736,74.321766
Banavasi PS,Uttara Kannada,Uttara Kannada,10,1012,1012,14.574222,75.006414
Bhatkal Rural PS,Uttara Kannada,Uttara Kannada,10,1270,1270,13.997655,74.544268
Bhatkal Town PS,Uttara Kannada,Uttara Kannada,10,1626,1626,13.991282,74.551401
Chittakula PS,Uttara Kannada,Uttara Kannada,10,718,718,14.862748,74.135667
Dandeli Rural PS,Uttara Kannada,Uttara Kannada,10,618,618,15.255232,74.622902
Dandeli Town PS,Uttara Kannada,Uttara Kannada,10,1038,1038,15.253943,74.620689
Gokarna PS,Uttara Kannada,Uttara Kannada,10,895,895,14.542654,74.328826
Haliyal PS,Uttara Kannada,Uttara Kannada,10,1891,1891,15.321883,74.7731
Honnavara PS,Uttara Kannada,Uttara Kannada,10,3271,3271,14.287432,74.458977
Joida PS,Uttara Kannada,Uttara Kannada,10,369,369,15.142293,74.477256
Kadra PS,Uttara Kannada,Uttara Kannada,10,213,213,14.906013,74.335892
Karwar Rural PS,Uttara Kannada,Uttara Kannada,10,748,748,14.80342,74.151193
Karwar Town PS,Uttara Kannada,Uttara Kannada,10,1031,1031,14.811723,74.129478
Karwar Traffic PS,Uttara Kannada,Uttara Kannada,10,483,483,14.812104,74.130199
Kumta PS,Uttara Kannada,Uttara Kannada,10,2340,2340,14.433592,74.42349
Mallapura PS,Uttara Kannada,Uttara Kannada,10,288,288,14.892192,74.324153
Manki PS,Uttara Kannada,Uttara Kannada,10,1025,1025,14.191856,74.486784
Mundgod PS,Uttara Kannada,Uttara Kannada,10,1719,1719,14.948122,75.033076
Murudeshwar PS,Uttara Kannada,Uttara Kannada,10,1236,1236,14.093892,74.488233
Ramanagar PS,Uttara Kannada,Uttara Kannada,10,711,711,15.404467,74.474349
Siddapura PS,Uttara Kannada,Uttara Kannada,10,1740,1740,14.353076,74.870971
Sirsi New Market PS,Uttara Kannada,Uttara Kannada,10,1231,1231,14.667525,74.774145
Sirsi Rural PS,Uttara Kannada,Uttara Kannada,10,1404,1404,14.626201,74.81629
Sirsi Town PS,Uttara Kannada,Uttara Kannada,10,1064,1064,14.616428,74.827319
UK CEN Crime PS,Uttara Kannada,Uttara Kannada,10,175,175,14.776617,74.248489
UK Women PS,Uttara Kannada,Uttara Kannada,10,144,144,14.839953,74.199499
Yellapura PS,Uttara Kannada,Uttara Kannada,10,2161,2161,14.955078,74.718022
Arasikere PS,Vijayanagara,Vijayanagara,31,1242,1242,14.65987,76.065594
Chigateri PS,Vijayanagara,Vijayanagara,31,587,587,14.778699,76.078318
Chittavadagi PS,Vijayanagara,Vijayanagara,31,453,453,15.145642,76.381478
Gudekote PS,Vijayanagara,Vijayanagara,31,1279,1279,14.81323,76.284455
Hadagali PS,Vijayanagara,Vijayanagara,31,1518,1518,15.02472,75.932035
Hagaribommanahalli PS,Vijayanagara,Vijayanagara,31,1763,1763,15.053732,76.209288
Halavagilu PS,Vijayanagara,Vijayanagara,31,1178,1178,14.704621,75.794591
Hampi Tourism PS,Vijayanagara,Vijayanagara,31,335,335,15.328894,76.458342
Hampi Traffic PS,Vijayanagara,Vijayanagara,31,104,104,15.046287,76.156794
Harapanahalli PS,Vijayanagara,Vijayanagara,31,1906,1906,14.791861,75.981121
Hirehadagali PS,Vijayanagara,Vijayanagara,31,1534,1534,14.924622,75.825073
Hosahalli PS,Vijayanagara,Vijayanagara,31,1722,1722,14.653031,76.465182
Hospet Extention PS,Vijayanagara,Vijayanagara,31,556,556,14.953407,76.062291
Hospet Rural PS,Vijayanagara,Vijayanagara,31,1347,1347,15.275745,76.390836
Hospet Town PS,Vijayanagara,Vijayanagara,31,1538,1538,15.272986,76.387362
Hospet Traffic PS,Vijayanagara,Vijayanagara,31,522,522,14.973304,76.078885
Ittigi PS,Vijayanagara,Vijayanagara,31,1004,1004,14.943947,76.052236
Kamalapur PS,Vijayanagara,Vijayanagara,31,861,861,15.303348,76.479219
Kottur PS,Vijayanagara,Vijayanagara,31,1658,1658,14.825969,76.226283
Kudligi PS,Vijayanagara,Vijayanagara,31,1958,1958,14.906446,76.388489
Mariyammanahalli PS,Vijayanagara,Vijayanagara,31,1534,1534,14.971875,76.195716
T.B. Dam PS,Vijayanagara,Vijayanagara,31,417,417,15.26357,76.342606
T.B. Halli PS,Vijayanagara,Vijayanagara,31,799,799,14.975241,76.053434
APMC PS,Vijayapura,Vijayapura,03,857,857,16.824408,75.830268
Adarsh Nagar PS,Vijayapura,Vijayapura,03,1054,1054,16.85228,75.712228
Alamatti PS,Vijayapura,Vijayapura,03,100,100,16.342874,75.898147
Almel PS,Vijayapura,Vijayapura,03,1335,1335,17.083347,76.228735
Babaleshwar PS,Vijayapura,Vijayapura,03,1655,1655,16.636654,75.577792
Basavan Bagewadi PS,Vijayapura,Vijayapura,03,2627,2627,16.56197,75.974576
Chadachan PS,Vijayapura,Vijayapura,03,1142,1142,17.308107,75.672461
Devara Hipparagi PS,Vijayapura,Vijayapura,03,1511,1511,16.816241,76.079557
Gandhi Chowk PS,Vijayapura,Vijayapura,03,2254,2254,16.828588,75.711483
Golgumbaz PS,Vijayapura,Vijayapura,03,1345,1345,16.825629,75.735671
Hortti PS,Vijayapura,Vijayapura,03,1422,1422,17.101299,75.801928
Indi PS,Vijayapura,Vijayapura,03,1421,1421,17.174777,75.954772
Indi Rural PS,Vijayapura,Vijayapura,03,1726,1726,17.167817,75.985507
Jalanagar PS,Vijayapura,Vijayapura,03,926,926,16.803659,75.726743
Kalkeri PS,Vijayapura,Vijayapura,03,1230,1230,16.686239,76.320164
Kolhar PS,Vijayapura,Vijayapura,03,1137,1137,16.480616,75.697193
Kudagi PS,Vijayapura,Vijayapura,03,401,401,16.507011,75.849894
Managuli PS,Vijayapura,Vijayapura,03,1248,1248,16.664601,75.848779
Muddebihal PS,Vijayapura,Vijayapura,03,1932,1932,16.335221,76.137599
Nidagundi PS,Vijayapura,Vijayapura,03,1317,1317,16.370642,75.923505
Sindagi PS,Vijayapura,Vijayapura,03,2621,2621,16.922506,76.244836
Talikot PS,Vijayapura,Vijayapura,03,1850,1850,16.481204,76.303778
Tikota PS,Vijayapura,Vijayapura,03,1354,1354,16.859237,75.507831
Vijayapura CEN Crime PS,Vijayapura,Vijayapura,03,222,222,16.823862,75.83017
Vijayapura Rural PS,Vijayapura,Vijayapura,03,2918,2918,16.842222,75.897578
Vijayapura Traffic PS,Vijayapura,Vijayapura,03,1663,1663,16.803742,75.789454
Vijayapura Women PS,Vijayapura,Vijayapura,03,876,876,16.817985,75.723414
Zalaki PS,Vijayapura,Vijayapura,03,1364,1364,17.266395,75.810016
Bheemarayanagudi PS,Yadgir,Yadgir,30,1014,1014,16.730686,76.806254
Gogi PS,Yadgir,Yadgir,30,1095,1095,16.706552,76.727569
Gurumitkal PS,Yadgir,Yadgir,30,1792,1792,16.860667,77.383772
Hunasagi PS,Yadgir,Yadgir,30,1115,1115,16.455536,76.528892
Kembhavi PS,Yadgir,Yadgir,30,1582,1582,16.644792,76.53525
Kodekal PS,Yadgir,Yadgir,30,887,887,16.35541,76.422004
Narayanapura PS,Yadgir,Yadgir,30,515,515,16.262769,76.369427
Saidapur PS,Yadgir,Yadgir,30,1351,1351,16.58076,77.261462
Shahapur  PS,Yadgir,Yadgir,30,2712,2712,16.693449,76.847995
Shorapur PS,Yadgir,Yadgir,30,2225,2225,16.519333,76.755591
Wadigere PS,Yadgir,Yadgir,30,1230,1230,16.575311,76.814315
Yadgiri CEN Crime PS,Yadgir,Yadgir,30,65,65,16.769854,77.108168
Yadgiri Rural PS,Yadgir,Yadgir,30,1644,1644,16.743636,77.141716
Yadgiri Town PS,Yadgir,Yadgir,30,1390,1390,16.768281,77.136757
Yadgiri Traffic PS,Yadgir,Yadgir,30,563,563,16.689023,77.049926
Yadgiri Women PS,Yadgir,Yadgir,30,331,331,16.755671,77.130529
