major_head,sub_head,count
CASES OF HURT,Simple Hurt,116146
MOTOR VEHICLE ACCIDENTS NON-FATAL,Other Roads,104111
CrPC,Security For Good Behaviour (Sec 107 ),84259
MISSING PERSON,Women,79391
CYBER CRIME,"Information Technology Act 2000, 2009",78501
MOTOR VEHICLE ACCIDENTS NON-FATAL,National Highways,78430
THEFT,Of Automobiles - Of Two Wheelers,77822
Karnataka State Local Act,Karnataka Excise Act 1965,60577
MOTOR VEHICLE ACCIDENTS NON-FATAL,State Highways,56928
KARNATAKA POLICE ACT 1963,Street Gambling (87),52619
CHEATING,CHEATING,48674
MISSING PERSON,Man,44437
KARNATAKA POLICE ACT 1963,Gambling - Matka (78 Class C),44075
PUBLIC SAFETY,Public Safety,42378
CrPC,Security For Good Behaviour (Sec 110),36574
MOTOR VEHICLE ACCIDENTS FATAL,Other Roads,29769
MOTOR VEHICLE ACCIDENTS FATAL,National Highways,28396
RIOTS,Others,26018
MOTOR VEHICLE ACCIDENTS FATAL,State Highways,23429
MOLESTATION,Other Places,20580
BURGLARY - NIGHT,At Residential Premises,20458
CRIMINAL INTIMIDATION,Criminal Intimidation,17879
NEGLIGENT ACT,Other - Related,17277
NARCOTIC DRUGS & PSHYCOTROPIC SUBSTANCES,Cultivated/Processed,15803
THEFT,Other Items Not Included Above,15695
CRIMES RELATED TO WOMEN,Dowry Prohibition,14335
POCSO,Rape,14076
MOLESTATION,Public Place,13727
CrPC,Security For Good Behaviour (Sec 109),13384
THEFT,House Theft,13283
THEFT,"Electronic Goods (Radio,TV,VCR,ACs,Office Automation Equipments)",12972
Karnataka State Local Act,Mmdr (Mines & Minerals Regulation Development) Act 1957,12088
NARCOTIC DRUGS & PSHYCOTROPIC SUBSTANCES,Synthetic,12053
ATTEMPT TO MURDER,Due To Other Causes,11804
CASES OF HURT,Grievous Hurt,9996
CRUELTY BY HUSBAND,Husband And Relative(S) In Law,9530
KIDNAPPING AND ABDUCTION,Others,9306
KIDNAPPING AND ABDUCTION,Missing-Girl,8984
RIOTS,Land Disputes,8700
SCHEDULED CASTE AND THE SCHEDULED TRIBES,Scheduled Caste,8698
CRIMINAL TRESPASS,Land,8080
MOLESTATION,Private Place,7443
THEFT,Jewellery,7420
BURGLARY - DAY,At Residential Premises,7408
CRUELTY BY HUSBAND,Husband,6949
MURDER,Due To OtherCauses,6865
THEFT,Of Sand,6634
BURGLARY - NIGHT,At Commercial Places / Establishments,6397
ROBBERY,Chain Snatching,5929
POCSO,Others,5720
KARNATAKA POLICE ACT 1963,others,5664
ROBBERY,In Other Places,5618
BURGLARY - NIGHT,In Other Places,5291
OFFENCES AGAINST PUBLIC SERVANTS (Public servant is a victim),Other Govt Official,4684
THEFT,Cash,4524
OFFENCES AGAINST PUBLIC SERVANTS (Public servant is a victim),Police Personnel,4015
KIDNAPPING AND ABDUCTION,Missing-Boy,3914
CRIMINAL BREACH OF TRUST,Criminal Breach Of Trust,3722
Karnataka State Local Act,Karnataka Minor Mineral Consistent Rule 1994,3717
CRIMINAL TRESPASS,House,3696
THEFT,Of Cattle,3604
MISCHIEF,Mischief,3570
MOTOR VEHICLE ACCIDENTS NON-FATAL,Other Places,3501
DACOITY,Preparation And Assembly For Dacoity,3432
CONSUMER,Essential Commodites Act 1955,3377
"COTPA, CIGARETTES AND OTHER TOBACCO PRODUCTS","COTPA, Cigarettes and Other Tobacco Products",3329
NEGLIGENT ACT,Human - Related,3270
AFFRAY,Affray,3191
Karnataka State Local Act,Karnataka Cow Slaughter Act,3096
KARNATAKA POLICE ACT 1963,Betting,3084
BURGLARY - NIGHT,Temple Theft,3016
THEFT,Of Automobiles - Of Cars/Jeeps,2990
SCHEDULED CASTE AND THE SCHEDULED TRIBES,Scheduled Caste Women,2914
WRONGFUL RESTRAINT/CONFINEMENT,Others,2892
Karnataka State Local Act,Karnataka Open Place Disfigurement Act 1951,2602
CRUELTY BY HUSBAND,Dowry Harasement,2539
THEFT,Servant Theft,2515
SUICIDE,Abetment of Suicide,2496
SUICIDE,Other Reasons,2421
FORGERY,Forgery,2252
RAPE,Known Person,2216
ATTEMPT TO MURDER,Civil Disputes,2175
KARNATAKA POLICE ACT 1963,House Gambling (79 & 80),2134
ELECTION,Assembly,1993
THEFT,Of Accessories Of Motor Vehicle,1894
ATTEMPT TO MURDER,Sudden Quarrel,1890
Karnataka State Local Act,Karntaka Epidemic Diseases Act 2020,1866
SCHEDULED CASTE AND THE SCHEDULED TRIBES,Scheduled Tribes,1859
ATTEMPT TO MURDER,Revenge/Enemity,1810
Karnataka State Local Act,Other Local Acts,1751
THEFT,Of Cultural - Others,1676
Disobedience to Order Promulgated by PublicServan,By Others,1624
THEFT,Extortion,1598
Attempting to commit offences,Attempting to commit offences,1505
THEFT,Of Automobiles - Of Three Wheelers,1491
ARSON,Others,1470
MOTOR VEHICLE ACCIDENTS FATAL,Other Places,1446
CRIMINAL TRESPASS,Others,1431
THEFT,Communication And Elec.Wire,1424
Failure to appear to Court,229 A,1415
ANIMAL,Prevention Of Cruelty To Animals Act 1960,1405
CrPC,Security For Good Behaviour (Sec 108 ),1397
IMMORAL TRAFFIC,Organised,1307
Karnataka State Local Act,Disaster Management Act 2005,1284
THEFT,Of Automobiles - Of Lorries/Trucks,1243
PREVENTION OF DAMAGE TO PUBLIC PROPERTY ACT 1984,PREVENTION OF DAMAGE TO PUBLIC PROPERTY,1217
ROBBERY,At Residential Premises,1162
SUICIDE,Attempt to commit suicide,1072
FORGERY,Other Forgery,1043
Disobedience to Order Promulgated by PublicServan,By Govt. Institution,1019
CHILDREN ACT,Child Marriage (Restraint) Act 1929,1014
ATTEMPT TO MURDER,Due To Personal Vendetta Or Enemity,1011
ROBBERY,On Highways,991
NEGLIGENT ACT,Machinery - Related,972
MOLESTATION,Attempt To Commit,967
CrPC,"Preventive Arrest (Sec 41 Class D,102)",934
OFFENCES AGAINST PUBLIC SERVANTS (Public servant is a victim),Public Sector Undertaking Official,875
COPY RIGHT ACT 1957,By Company,856
REPRESENTATION OF PEOPLE ACT 1951 & 1988,Assembly,854
RAPE,Due To Other Causes,804
THEFT,Of Cycle,785
MISSING PERSON,Boy,779
IMMORAL TRAFFIC,Un-Organised,778
DEATHS DUE TO RASHNESS/NEGLIGENCE,Death Due To Other Cause,749
MURDER,Sudden Quarrel,730
CrPC,Preventive Arrest (Sec 151),724
SCHEDULED CASTE AND THE SCHEDULED TRIBES,Scheduled Tribes Women,723
Karnataka State Local Act,Karnataka Forest Act 1963,715
MURDER,Revenge/Enemity,682
DEATHS DUE TO RASHNESS/NEGLIGENCE,Others,646
ARMS ACT 1959,Country Made - Non-Prohibited Bore - In Other Area,638
DOWRY DEATHS,By Hanging,624
COMMUNAL / RELIGION,Religious Issue,621
DEATHS DUE TO RASHNESS/NEGLIGENCE,Electrocution Accident,601
DOWRY DEATHS,By Husband And Relative/s In Law,600
ATTEMPT TO MURDER,Over Property Dispute,597
ROBBERY,At Commercial Places / Establishments,593
RIOTS,Political,588
COMMUNAL / RELIGION,Others,562
CHILDREN ACT,Child Labour (Prohibition & Regulation) Act 1986,555
COPY RIGHT ACT 1957,By Individual,551
Karnataka State Local Act,Karnataka Land & Revenue Act 1964 & 2007,551
EXPLOSIVES,Explosives Act 1884,549
DEATHS DUE TO RASHNESS/NEGLIGENCE,Improper Infrastructure In Construction,541
ROBBERY,Attempt To Commit,540
CULPABLE HOMICIDE NOT AMOUNTING TO MURDER,Due To Other Causes,538
OFFENCES PROMOTING ENEMITY,Offences Promoting Enemity,534
DACOITY,In Other Places,527
ARSON,Agricultural Produce,527
BURGLARY - NIGHT,At Banks,524
Karnataka State Local Act,Karnataka Prevention of Slaughter and Preservation of Cattle Act 2020,523
PUBLIC NUISANCE,Public Nuisance,513
CHILDREN ACT,Juvenile Justice Act 1986,507
NEGLIGENT ACT,Death Caused By Electric Shock,501
COMMUNAL / RELIGION,Communal Issue,497
THEFT,In Running Train,493
EXPOSURE AND ABANDONMENT OF CHILD,Girl,491
Karnataka State Local Act,Karnataka Prohibition Of Charging Exorbitant Interest Act 2004,483
MURDER,Civil Disputes,474
ANIMAL,The Karnataka Prevention of Slaughter and Preservation of Cattle Ordinance 2020,468
DACOITY,On Other Roads,464
INSULTING MODESTY OF WOMEN (EVE TEASING),Other Places,460
MURDER,Due To PersonalVendetta or Enemity,456
ARMS ACT 1959,Country Made - Prohibited Bore- In Other Area,453
BURGLARY - DAY,In Other Places,447
KIDNAPPING AND ABDUCTION,For Ransom - Of Others,432
FOREIGNER,Foreigners Act 1946,414
CrPC,Others,410
THEFT,Attempt to Commit,399
KIDNAPPING AND ABDUCTION,Procuration Of Minor Girls - For Other Purpose,398
DACOITY,At Residential Premises,390
MURDER,For gain,384
OFFENCES RELATED TO MARRIAGE,OFFENCES RELATED TO MARRIAGE,379
ELECTION,Other Elected Bodies,374
INSULTING MODESTY OF WOMEN (EVE TEASING),Public Place,360
ATTEMPT TO MURDER,For Dowry Other Means,353
EXPOSURE AND ABANDONMENT OF CHILD,Boy,344
RAPE,By Neighbours,344
MURDER,Due To Sexual Jealousy,335
CRIMINAL TRESPASS,Office,333
DACOITY,On Highways,332
KIDNAPPING AND ABDUCTION,To Compel For Marriage,325
RAPE,By Relatives,324
EXPLOSIVES,Explosives Substances Act 1908,321
COUNTERFEITING,Of Currency Notes And Bank Notes (Sec 489 (A) To 489 (E) IPC),297
THEFT,Of Automobiles - Of Tractors,288
ELECTION,Parliament,281
Concealment of birth by secret disposal of Child,Boy,272
RIOTS,Agrarian,271
Karnataka State Local Act,Karnataka Mining Act,263
Concealment of birth by secret disposal of Child,Girl,262
FALSE EVIDENCE,FALSE EVIDENCE,255
MURDER,Over Property Disputes,254
ATTEMPT TO MURDER,For Gain,254
RIOTS,Due To Village Disputes,251
NEGLIGENT ACT,Animal - Related,248
Karnataka State Local Act,Karnataka Lottery Act,248
CONSUMER,Liquified Petroleum Gas Supply & Control Order 2000,246
Failure to appear to Court,174 A,245
RIOTS,Regional,240
CRUELTY BY HUSBAND,Relative(S) In Law,240
BURGLARY - DAY,At Commercial Places / Establishments,237
Karnataka State Local Act,Karnataka Money Lender Act 1961,235
REPRESENTATION OF PEOPLE ACT 1951 & 1988,Other Elected Bodies,226
ATTEMPT TO MURDER,For Political Reasons,216
NEGLIGENT ACT,Explosive/Explosive Substances - Related,216
WRONGFUL RESTRAINT/CONFINEMENT,To Settle Dispute,216
ARSON,Public Place,215
PASSPORT ACT,Indian,207
MISSING PERSON,Girl,203
CRIMINAL CONSPIRACY,Others,199
REPRESENTATION OF PEOPLE ACT 1951 & 1988,Parliament,196
ATTEMPT TO CULPABLE HOMICIDE NOT AMOUNTING TO MURDER,Due To Other Causes,189
ARMS ACT 1959,Factory Made - Non-Prohibited Bore - In Other Area,189
KIDNAPPING AND ABDUCTION,For Ransom - Of Children,185
WRONGFUL RESTRAINT/CONFINEMENT,Attempt To Commit,184
ARMS ACT 1959,Factory Made - Prohibited Bore- In Other Area,183
ATTEMPT TO MURDER,Love Intrigue,181
ESCAPE FROM LAWFUL CUSTODY AND RESISTANCE,From Police Custody,175
ARSON,Dwelling House,167
RIOTS,Communal,163
ANIMAL,Wild Life Protection Act 1972,157
MURDER,Love Intrigue,150
WRONGFUL RESTRAINT/CONFINEMENT,To Extort Property,148
ATTEMPT TO MURDER,Due To Sexual Jealousy,143
CrPC,Joining or continuing in an unalwful assembly,142
INDIAN ELECTRICITY ACT,Indian Electricity Act,142
ROBBERY,In Trains,142
Karnataka State Local Act,Karnataka Prohibition Of Beggary Act 1975,139
MOLESTATION,Public Conveyance,133
BURGLARY - DAY,Temple Theft,131
Karnataka State Local Act,Karnataka Prisoners Act 1963 & 1974,128
DEATHS DUE TO RASHNESS/NEGLIGENCE,Electrocution,127
CRIMINAL TRESPASS,Prohibited Places,124
MURDER,For Dowry By Other Means,121
BONDED LABOUR SYSTEM,BONDED LABOUR SYSTEM,117
OFFENCES AGAINST PUBLIC SERVANTS (Public servant is a victim),Attempt To Commit,116
CrPC,Security For Good Behaviour (Sec 145 ),115
COMMUNAL / RELIGION,Regional Issue,114
DACOITY,At Commercial Places / Establishments,112
ASSAULT,On Man (General),107
DOWRY DEATHS,By Husband,105
INDIAN MOTOR VEHICLE,INDIAN MOTOR VEHICLE (IMV),102
NEGLIGENT ACT,Inflammable Substances - Related,102
RAPE,Attempt To Commit,100
RAPE,Unknown Person,98
RIOTS,Labour - Private Sector,98
FOREST,Forest (Conservation) Act 1980,97
COMMUNAL / RELIGION,Caste Issue,94
OFFENCES AGAINST PUBLIC SERVANTS (Public servant is a victim),Judicial Official,93
RAPE,By A Gang,93
ADULTERATION,Others,92
POISONING-PROFESSIONAL,Attempt To Commit,91
DEATHS-MISCARRIAGE,Child,91
CRIMINAL TRESPASS,Restricted Area,91
KIDNAPPING AND ABDUCTION,Wrongful Confinement,90
ARMS ACT 1959,Country Made - Non Prohibited Bore - In Disturbed Area,88
RIOTS,Students,87
ASSAULT OR USE OF CRIMINAL FORCE TO DISROBE WOMAN,ASSAULT OR USE OF CRIMINAL FORCE TO DISROBE WOMAN,87
Karnataka State Local Act,Karnataka Education Act 1983 As Amended Upto Date,84
SUICIDE,Dowry,84
ATTEMPT TO MURDER,Village Dispute,83
DOWRY DEATHS,By Other Means,82
MURDER,Rape With Murder,82
DEATHS DUE TO RASHNESS/NEGLIGENCE,Industrial Accident(Factory),81
RIOTS,Industrial,80
ESCAPE FROM LAWFUL CUSTODY AND RESISTANCE,From Jail Custody,80
RIOTS,Caste,80
MURDER,Due to Adultery,79
KIDNAPPING AND ABDUCTION,For Ransom - Of Women,78
ESCAPE FROM LAWFUL CUSTODY AND RESISTANCE,Others,78
CRIMINAL TRESPASS,Hotel,77
CRIMINAL TRESPASS,Religious Place,76
PORNOGRAPHY,Others,75
DEATHS DUE TO RASHNESS/NEGLIGENCE,Improper Medical Treatment,73
Karnataka State Local Act,Karnataka Private Medical Institution Act 2007,71
Karnataka State Local Act,Karnataka Irrigation Act 1963,71
DOWRY DEATHS,By Burning,69
ATTEMPT TO MURDER,Due To Communalism,69
Disobedience to Order Promulgated by PublicServan,By Private Institution,69
CRIMINAL TRESPASS,Attempt To Commit,69
CULPABLE HOMICIDE NOT AMOUNTING TO MURDER,Sudden Quarrel,67
THEFT,At ATM,67
ASSAULT,On Woman (General),63
OF ABETMENT,OF ABETMENT,63
THEFT,Of Automobiles - Of Buses,63
ARMS ACT 1959,Country Made - Prohibited Bore - In Disturbed Area,63
THEFT,Of Fire Arms,62
POISONING-PROFESSIONAL,Non Fatal,61
CONSUMER,Prevention of Food Adulteration Act 1954,60
ARSON,Govt. Property,58
ATTEMPT TO MURDER,Gang Rivalry,56
INSULTING MODESTY OF WOMEN (EVE TEASING),Office,54
KIDNAPPING AND ABDUCTION,Settling any Disputes,53
NEGLIGENT ACT,Poisonous Substance - Related,53
CRIMINAL MISAPPROPRIATION,Others,52
Human Trafficking,Women,51
OFFENCES BY PUBLIC SERVANTS (EXCEPT CORRUPTION) (Public servant is accused),Other Govt Official,51
ATTEMPT TO MURDER,Adultery,51
ANIMAL,Cattle Tresspass Act 1871,49
DEFAMATION,Persons,49
ANTIQUES (CULTURAL PROPERTY),Ancient Monument & Archaelogical Sites And Remains Act 1958,48
OFFENCES AGAINST PUBLIC SERVANTS (Public servant is a victim),Other Enforcement Official,48
THEFT,Of Cultural - Idols,47
SLAVERY,Woman,47
KIDNAPPING AND ABDUCTION,From Lawful Guardianship,47
DEATHS DUE TO RASHNESS/NEGLIGENCE,Building Collapse,46
ATTEMPT TO MURDER,Professional,42
POCSO,Gang Rape,42
ADULTERATION,Alcoholic Drink(Liquor),42
RAPE,By Husband During Separation,42
CIVIL RIGHTS,Protection of Civil Rights Act 1955,42
RAILWAYS ACT,Indian Railways Act 1989,41
PASSPORT ACT,Foreigner,39
RIOTS,Labour - Public Sector,38
CASES OF HURT,Acid Attack (326(a)),38
OFFENCES AGAINST PUBLIC SERVANTS (Public servant is a victim),Other Elected Member,37
FOREST,Indian Forest Act 1927,36
OFFICIAL SECURITY RELATED ACTS,Essential Services Maintainance Act 1981,36
ASSAULT,Attempt To Commit,34
MURDER,For Dowry By Burning,33
SEDITION,By National,32
CONSUMER,Consumer (Protection) Act 1986,32
ARSON,Attempt To Commit,31
ARSON,Warehouse(Godown),30
IMPERSONATION,Non-Uniformed Authority,30
PUBLIC JUSTICE,Public Justice,30
DEFAMATION,Others,30
BURGLARY - NIGHT,On Highways,30
CRIMINAL CONSPIRACY,Related To Substantive Offence,29
MURDER,For Political Reasons,29
OFFENCES BY PUBLIC SERVANTS (EXCEPT CORRUPTION) (Public servant is accused),Others,29
ATTEMPT TO MURDER,Due To Casteism,29
OFFENCES AGAINST PUBLIC SERVANTS (Public servant is a victim),Nationalised Bank Personnel,29
INSULTING MODESTY OF WOMEN (EVE TEASING),Attempt To Commit,28
COMMUNAL / RELIGION,Attempt To Commit,28
WRONGFUL RESTRAINT/CONFINEMENT,To Extort Confession,28
CULPABLE HOMICIDE NOT AMOUNTING TO MURDER,Electoral Gain,27
Karnataka State Local Act,Karnataka Panchayat Raj Act,27
ATTEMPT TO CULPABLE HOMICIDE NOT AMOUNTING TO MURDER,Sudden Quarrel,27
Karnataka State Local Act,Banning of Unregulated Deposit Schemes Act,27
RIOTS,Linguistic,27
Human Trafficking,Boy,27
RAPE,On Minor,27
OFFENCES AGAINST PUBLIC SERVANTS (Public servant is a victim),Jail Personnel,26
CRIMINAL TRESPASS,Hostel,26
ARSON,Industrial Establishment,25
COMMUNAL / RELIGION,Political Issue,25
DEATHS DUE TO RASHNESS/NEGLIGENCE,Fire Accident,24
MURDER,Gang Rivalry,24
Karnataka State Local Act,Karnataka Fire Force Act 1964,23
OFFENCES AGAINST PUBLIC SERVANTS (Public servant is a victim),Defence Personnel,23
KIDNAPPING AND ABDUCTION,Recovering Loan,23
Human Trafficking,Girl,23
MURDER,Due To Casteism,22
ATTEMPT TO MURDER,Dowry By Burning,22
CHILDREN ACT,Protection of Children from Sexual Offences Act 2012 (POCSO),22
"POST & TELEGRAPH,TELEGRAPH WIRES(UNLAWFUL POSSESSION)ACT 1950","POST & TELEGRAPH, TELEGRAPH WIRES",21
RIOTS,Employee - Govt.,21
IMPERSONATION,Attempt To Commit,21
KIDNAPPING AND ABDUCTION,For Adoption,20
ARMS ACT 1959,Factory Made - Non Prohibited Bore - In Disturbed Area,20
DEFAMATION,Printed Matter,19
ASSAULT,On Other Dignitaries/Public Figures,19
RIOTS,Sectarian,19
Karnataka State Local Act,Karnataka Entertainment Tax Act 1958,19
CASES OF HURT,Attempt to Acid Attack (326(b)),19
Karnataka State Local Act,Karnataka Revenue Act,18
Karnataka State Local Act,Karnataka Medical Registration Act 1965,18
NEGLIGENT ACT,Boat/Vessel - Related,18
DEATHS DUE TO RASHNESS/NEGLIGENCE,Gas Leakage Accident,17
ARMS ACT 1959,Factory Made - Prohibited Bore - In Disturbed Area,17
UNLAWFUL ACTIVITIES(Prevention)ACT 1967,UNLAWFUL ACTIVITIES,17
SLAVERY,Boy,17
DEATHS DUE TO RASHNESS/NEGLIGENCE,Caused By Animal,16
ATTEMPT TO CULPABLE HOMICIDE NOT AMOUNTING TO MURDER,Over Civil Dispute,16
UNNATURAL SEX,Major - Man,16
ATTEMPT TO CULPABLE HOMICIDE NOT AMOUNTING TO MURDER,Property Disputes,16
PORNOGRAPHY,Video Film (Blue),15
KIDNAPPING AND ABDUCTION,Obtain Signature Forcibly,15
ROBBERY,At Banks,15
Karnataka State Local Act,Karnataka Treasure Trove Act 1962,15
DEATHS DUE TO RASHNESS/NEGLIGENCE,Explosion Accident,15
INSULTING MODESTY OF WOMEN (EVE TEASING),Public Conveyance,15
BURGLARY - DAY,At Banks,14
UNNATURAL SEX,Animal,14
THEFT,Govt. Vehicle,14
RECEIVING OF STOLEN PROPERTY,RECEIVING OF STOLEN PROPERTY,14
FORGERY,Forgery Of Passport,14
CRIMINAL MISAPPROPRIATION,Business Establishment,13
ARSON,Educational Institution,13
KIDNAPPING AND ABDUCTION,Procuration Of Minor Girls - Importing Of Girl,13
ATTEMPT TO MURDER,For Human Sacrifice,13
DOCUMENTS & PROPERTY MARKS,Property,13
ANIMAL,Wild Life Preservaion Act 1972,13
IMPERSONATION,Uniformed Authority,13
MURDER,For Human Sacrifice,12
ASSAULT,On Labourer,12
UNNATURAL SEX,Major - Woman,12
COUNTERFEITING,Of Others,12
Karnataka State Local Act,Karnataka Muncipalities Act 1964,12
CRIMINAL TRESPASS,Club,12
SLAVERY,Girl,12
POCSO,Rape with Murder,12
DEATHS DUE TO RASHNESS/NEGLIGENCE,Mine Accident,11
CULPABLE HOMICIDE NOT AMOUNTING TO MURDER,Property Disputes,11
Giving false information respecting an offence com,Giving false information respecting an offence committed,11
KIDNAPPING AND ABDUCTION,For Ransom - of Girls For Immoral Purpose,11
ARSON,Place Of Worship,11
OFFENCES BY PUBLIC SERVANTS (EXCEPT CORRUPTION) (Public servant is accused),Police Personnel,11
BURGLARY - NIGHT,In Trains,11
DEATHS-MISCARRIAGE,Woman,11
MURDER,Due To Communalism,11
CRIMINAL MISAPPROPRIATION,Bank,10
UNNATURAL SEX,Minor - Boy,10
MURDER,Village Dispute,10
CRIMINAL MISAPPROPRIATION,Other Government Organisation,10
DACOITY,In Trains,10
ASSAULT,On Public Servant,10
ROBBERY,At ATM,10
THEFT,Of Explosives,10
DEATHS DUE TO RASHNESS/NEGLIGENCE,Quarry Accident,9
CULPABLE HOMICIDE NOT AMOUNTING TO MURDER,Over Civil Dispute,9
ADULTERATION,Food Grain,9
Karnataka State Local Act,Prevention of Insult to National Honours Act 1971,9
OFFENCES AGAINST PUBLIC SERVANTS (Public servant is a victim),Para Military Personnel,9
CASES OF HURT,Custodial,9
CRIMINAL CONSPIRACY,Conspiracy To Wage War,9
ATTEMPT TO MURDER,Electoral Gain,9
ATTEMPT TO CULPABLE HOMICIDE NOT AMOUNTING TO MURDER,For Political Reasons,9
ATTEMPT TO CULPABLE HOMICIDE NOT AMOUNTING TO MURDER,Due To Personal Vendetta Or Enemity,8
CHILDREN ACT,Probation of offenders Act 1958,8
Karnataka State Local Act,Karnataka Corruption Act,8
Karnataka State Local Act,Cooperative Society Act,8
Karnataka State Local Act,Karnataka Land Acquistion (Prohibition) Act 2007,8
RIOTS,Tribal,8
RAILWAYS ACT,Railway Property (Unlawful Posession) Act 1966,8
CRIMINAL MISAPPROPRIATION,Co-Operative Organisation,7
KIDNAPPING AND ABDUCTION,Murder(Homicide),7
COMMUNAL / RELIGION,Linguistic Issue,7
PORNOGRAPHY,Photograph,7
FORGERY,Organised (Racket),7
FOREIGNER,Registration of Foreigners Act 1939,7
Karnataka State Local Act,Bangalore Development Authority Act,7
ADULTERATION,Drug/Medicine,7
Karnataka State Local Act,"Prevention of violence against Doctors, Medical professionals and Medical institutions",7
CRIMES RELATED TO WOMEN,Indecent Representation of Women (Prohibition) Act 1986,7
CRIMINAL MISAPPROPRIATION,Financial Institution,7
MURDER,Custodial,6
PORNOGRAPHY,Figures,6
INFANTICIDE,Female,6
OFFENCES AGAINST PUBLIC SERVANTS (Public servant is a victim),MLA,6
THEFT,Of Cultural - Painting,6
Karnataka State Local Act,Karnataka Devadasi's (Prohibition Of Dedication) Act 1982,5
Karnataka State Local Act,Karnataka Consumer Protection Act 1986,5
ASSAULT,On Man (SC),5
ATTEMPT TO CULPABLE HOMICIDE NOT AMOUNTING TO MURDER,Due To Casteism,5
KIDNAPPING AND ABDUCTION,For Exporting,5
ANTIQUES (CULTURAL PROPERTY),Antiques & Art Treasures Act 1972,5
RAPE,By Hospital Staff,5
DEATHS-MISCARRIAGE,Woman And Child,5
Karnataka State Local Act,Karnataka Agriculture Marketing Regulation Act,5
DEATHS DUE TO RASHNESS/NEGLIGENCE,Boat Accident,5
Karnataka State Local Act,Karnataka Town & City Planning Act 1961,5
DEATHS DUE TO RASHNESS/NEGLIGENCE,Bridge/Dam Collapse,4
BURGLARY - DAY,On Highways,4
PORNOGRAPHY,Paper,4
KIDNAPPING AND ABDUCTION,Procuration Of Minor Girls - For Prostitution,4
ATTEMPT TO MURDER,Witch Craft (Sorcery),4
COUNTERFEITING,Of Stamps (Sec 255 To 263(A) IPC),4
SLAVERY,Man,4
COMMUNAL / RELIGION,Racial/Ethnic Issue,4
DACOITY,At Banks,4
POISONING-PROFESSIONAL,Fatal,4
RAPE,InCest,4
DOWRY DEATHS,By Relative/s In Law,4
Karnataka State Local Act,Karnataka Ayurvdeic And Unani Pract. Regis. & Medical Prac. Misc. Prov. Act,4
BURGLARY - DAY,In Trains,4
DEATHS DUE TO RASHNESS/NEGLIGENCE,Accident by Air,3
ASSAULT,On Press,3
MURDER,Psychopathic/Serial Killer/ Lunacy,3
RAPE,By Parents,3
ATTEMPT TO CULPABLE HOMICIDE NOT AMOUNTING TO MURDER,For Gain,3
ATTEMPT TO MURDER,Rape,3
CULPABLE HOMICIDE NOT AMOUNTING TO MURDER,Adultery,3
POCSO,Custodial Rape,3
DEATHS DUE TO RASHNESS/NEGLIGENCE,Inflammable Substance,3
Karnataka State Local Act,Karnataka Society Regstration Act,3
CRIMINAL MISAPPROPRIATION,Commercial Establishment/Shop,3
KIDNAPPING AND ABDUCTION,For Stealing From Its Person,3
ASSAULT,On Professional,3
ASSAULT,On Woman (SC),3
CULPABLE HOMICIDE NOT AMOUNTING TO MURDER,For Gain,3
KIDNAPPING AND ABDUCTION,For Begging,3
KIDNAPPING AND ABDUCTION,Intent To Steal From Child,3
ANIMAL,Elephant (Preservation) Act 1879,3
OFFENCES AGAINST STATE,Offences Against State,3
Karnataka State Local Act,Karnataka Kerosene Restriction Unuse Act 1956,3
COMMUNAL / RELIGION,Sectarian Issue,3
FAILURE TO APPEAR TO COURT,229A,3
ARSON,Boat/Ship,3
DOCUMENTS & PROPERTY MARKS,Documents,3
ADULTERATION,Soft Drinks,3
RIOTS,Simple Hurt,3
ASSAULT,On Man (ST),3
Karnataka State Local Act,Karnataka Weight & Measurement Act,3
Human Trafficking,Men,3
DACOITY,River & Sea,3
Karnataka State Local Act,Karnataka Right To Information Act 2000 & 2008,3
ADULTERATION,Attempt To Commit,2
OFFENCES BY PUBLIC SERVANTS (EXCEPT CORRUPTION) (Public servant is accused),Other Elected Member,2
CINEMATOGRAPH ACT 1952,Films,2
CRIMINAL INTIMIDATION,Others,2
DEFENCE FORCES OFFENCES RELATING TO (also relating to desertion),Army,2
CULPABLE HOMICIDE NOT AMOUNTING TO MURDER,Due To Personal Vendetta Or Enemity,2
ADULTERATION,Edible Oil,2
OFFENCES AGAINST PUBLIC SERVANTS (Public servant is a victim),Minister,2
CULPABLE HOMICIDE NOT AMOUNTING TO MURDER,For Political Reasons,2
OFFENCES BY PUBLIC SERVANTS (EXCEPT CORRUPTION) (Public servant is accused),Public Sector Undertaking Official,2
DACOITY,At ATM,2
CRUELTY BY HUSBAND,Prevention Of Gaming,2
CRIMINAL INTIMIDATION,Simple Hurt,2
DEATHS DUE TO RASHNESS/NEGLIGENCE,Poisonous Substance,2
ATTEMPT TO CULPABLE HOMICIDE NOT AMOUNTING TO MURDER,For Dowry,2
ATTEMPT TO CULPABLE HOMICIDE NOT AMOUNTING TO MURDER,Due To Sexual Jealousy,2
MOLESTATION,House,2
MOTOR VEHICLE ACCIDENTS NON-FATAL,Other - Related,2
Karnataka State Local Act,Karnataka Kersosene Dealers License Order 1969,2
Karnataka State Local Act,Karnataka Urban Developoment Act 1987,2
INFANTICIDE,Male,2
ATTEMPT TO CULPABLE HOMICIDE NOT AMOUNTING TO MURDER,Electoral Gain,2
CRIMINAL MISAPPROPRIATION,Charitable Organisation,2
CONSUMER,Packaged commodities (Regulation) order 1975,2
MOTOR VEHICLE ACCIDENTS NON-FATAL,INDIAN MOTOR VEHICLE (IMV),2
ASSAULT,On Student,2
FAILURE TO APPEAR TO COURT,174A,2
BUYING & SELLING MINOR FOR PROSTITUTION,BUYING MINOR FOR PROSTITUTION,2
ATTEMPT TO CULPABLE HOMICIDE NOT AMOUNTING TO MURDER,Adultery,2
CRIMINAL MISAPPROPRIATION,Attempt To Commit,2
RAPE,Custodial Rape,2
CRIMINAL MISAPPROPRIATION,Postal Department,2
KIDNAPPING AND ABDUCTION,For Ransom - Of Children For Begging,1
MURDER,Witch Craft (Sorcery),1
EXPLOSIVES,Inflammable Substances Act 1952,1
BURGLARY - NIGHT,Attempting to commit offences,1
KIDNAPPING AND ABDUCTION,Espionage,1
Karnataka State Local Act,"The Karnataka Prevention Of Dangerous Activities Of Bootleggers,Drug-Offenders,Gamblers,Goond",1
SCHEDULED CASTE AND THE SCHEDULED TRIBES,Rape,1
UNNATURAL DEATH (Sec 174/174c/176),Unnatural death - suicidal hanging,1
CRIMES RELATED TO WOMEN,Commission of SATI (Prevention) Act 1987,1
OFFICIAL SECURITY RELATED ACTS,Official Secrets Act 1923,1
PUBLIC SAFETY,Other Roads,1
DEFENCE FORCES OFFENCES RELATING TO (also relating to desertion),Air Force,1
ATTEMPT TO MURDER,Terrorism / Naxalism / Extremism,1
PREVENTION OF CORRUPTION ACT 1988,Public Servant - Elected,1
PUBLIC SAFETY,Other - Related,1
NATIONAL SECURITY ACT,National Security Act,1
CRIMINAL MISAPPROPRIATION,Chitfund Organisation,1
MOLESTATION,Criminal Intimidation,1
INDIAN MOTOR VEHICLE,State Highways,1
NEGLIGENT ACT,Building Collapse,1
COUNTERFEITING,Of Coins (Sec 231 to 254 IPC),1
CULPABLE HOMICIDE NOT AMOUNTING TO MURDER,For Dowry,1
CRIMINAL INTIMIDATION,Other Places,1
MURDER,Professional,1
UNNATURAL DEATH (Sec 174/174c/176),Unnatural death - suicide others,1
ILLEGAL DETENTION,Illegal Detention,1
ATTEMPT TO CULPABLE HOMICIDE NOT AMOUNTING TO MURDER,Due To Communalism,1
CRIMINAL INTIMIDATION,Husband And Relative(S) In Law,1
RIOTS,Other Places,1
ASSAULT,On Domestic Servant,1
SUICIDE,Husband And Relative(S) In Law,1
CRIMINAL TRESPASS,Land Disputes,1
WRONGFUL RESTRAINT/CONFINEMENT,Criminal Intimidation,1
OFFENCES AGAINST PUBLIC SERVANTS (Public servant is a victim),MP,1
ASSAULT,On Woman (ST),1
UNNATURAL DEATH (Sec 174/174c/176),Unnatural death - By Others causes,1
SEDITION,Attempt TO Commit,1
OFFENCES BY PUBLIC SERVANTS (EXCEPT CORRUPTION) (Public servant is accused),Jail Personnel,1
CRIMINAL MISAPPROPRIATION,Trust- Other Than Religious,1
KIDNAPPING AND ABDUCTION,For Slavery,1
MOTOR VEHICLE ACCIDENTS NON-FATAL,Human - Related,1
SEDITION,By National And Foreigner,1
CRIMES RELATED TO WOMEN,Husband And Relative(S) In Law,1
PREVENTION OF CORRUPTION ACT 1988,Public Servant Gazetted - Public Sector Undertaking,1
DEATHS DUE TO RASHNESS/NEGLIGENCE,Railway Accident,1
SCHEDULED CASTE AND THE SCHEDULED TRIBES,Other Places,1
THEFT,Karnataka Forest Act 1963,1
RIOTS,Land,1
Karnataka State Local Act,Women,1
MISSING PERSON,Men,1
MOTOR VEHICLE ACCIDENTS NON-FATAL,Women,1
CRIMES RELATED TO WOMEN,Dowry Harasement,1
POCSO,Private Place,1
PORNOGRAPHY,Poster,1
ASSAULT,"On Member Of Clergy (Christian, Budhist, Jain, Sikh)",1
CRIMINAL MISAPPROPRIATION,Public Sector Undertakings,1
CYBER CRIME,Poster,1
PREVENTION OF CORRUPTION ACT 1988,Public Servant Gazetted - State,1
CASES OF HURT,Women,1
RIOTS,Women,1
MOLESTATION,Others,1
NEGLIGENT ACT,State Highways,1
FORGERY,Criminal Breach Of Trust,1
BURGLARY - NIGHT,"Electronic Goods (Radio,TV,VCR,ACs,Office Automation Equipments)",1
CULPABLE HOMICIDE NOT AMOUNTING TO MURDER,Professional,1
CRIMINAL TRESPASS,Criminal Intimidation,1
THEFT,Of Mines,1
Karnataka State Local Act,The Karnataka Prevention of Slaughter and Preservation of Cattle Ordinance 2020,1
DEATHS DUE TO RASHNESS/NEGLIGENCE,Adultrated Food/Drug,1
CHEATING,FALSE EVIDENCE,1
ASSAULT,On Manager/Executive (Other Than Public Servant),1
ASSAULT,On Contractor,1
CASES OF HURT,Others,1
CASES OF HURT,Other Places,1
OFFENCES BY PUBLIC SERVANTS (EXCEPT CORRUPTION) (Public servant is accused),Judicial Official,1
ANIMAL,Karnataka Prevention of Slaughter and Preservation of Cattle Act 2020,1
UNNATURAL DEATH (Sec 174/174c/176),Unnatural death - burning,1
MOLESTATION,Simple Hurt,1
MOLESTATION,Women,1
CINEMATOGRAPH ACT 1952,Video,1
PORNOGRAPHY,Film(Blue),1
Disobedience to Order Promulgated by PublicServan,Public Safety,1
Karnataka State Local Act,"Motor Spirit and High Speed Diesel (Regulation of Supply, Distribution and Prevention of Malpractice",1
CULPABLE HOMICIDE NOT AMOUNTING TO MURDER,For Human Sacrifice,1
DEATHS DUE TO RASHNESS/NEGLIGENCE,In Jail/Judicial Custody,1
